restaurant_id,tag_id,confidence,weight
1,6966,1,2
1,7102,1,2
1,7555,1,2
1,7485,1,2
1,7165,1,2
1,7382,1,2
1,7305,1,2
1,6821,1,2
1,7375,1,2
1,6761,1,2
1,7169,1,2
1,7394,1,2
1,7452,1,2
1,7013,1,2
1,303,1,2
1,6810,1,2
1,234,1,2
2,7191,0.68,2
2,7498,0.68,2
2,7165,0.68,2
2,7001,0.68,2
2,6761,0.68,2
2,7169,0.68,2
2,7394,0.68,2
2,7452,0.68,2
2,828,0.68,2
2,339,0.68,2
2,415,0.68,2
3,7357,0.08,2
3,7428,0.08,2
3,6947,0.08,2
3,7524,0.08,2
3,6756,0.08,2
3,6761,0.08,2
3,7169,0.08,2
3,7394,0.08,2
3,529,0.08,2
3,198,0.08,2
3,484,0.08,2
4,269,0.01,2
4,543,0.01,2
4,12,0.01,2
5,7671,1,2
5,6764,1,2
5,7120,1,2
5,6843,1,2
5,6758,1,2
5,6947,1,2
5,6769,1,2
5,7686,1,2
5,7190,1,2
5,6761,1,2
5,7169,1,2
5,7394,1,2
5,665,1,2
5,7013,1,2
5,18,1,2
5,876,1,2
5,484,1,2
5,725,1,2
5,673,1,2
5,333,1,2
6,6966,0.06,2
6,6946,0.06,2
6,7099,0.06,2
6,7089,0.06,2
6,7170,0.06,2
6,6761,0.06,2
6,7169,0.06,2
6,7452,0.06,2
6,198,0.06,2
6,182,0.06,2
6,734,0.06,2
6,187,0.06,2
7,6966,1,2
7,6767,1,2
7,7428,1,2
7,6723,1,2
7,7382,1,2
7,6826,1,2
7,7432,1,2
7,7363,1,2
7,6761,1,2
7,7169,1,2
7,7394,1,2
7,7452,1,2
7,359,1,2
7,534,1,2
7,97,1,2
7,616,1,2
8,7051,0.05,2
8,7120,0.05,2
8,6780,0.05,2
8,6928,0.05,2
8,6756,0.05,2
8,7524,0.05,2
8,7170,0.05,2
8,6761,0.05,2
8,7169,0.05,2
8,7394,0.05,2
8,222,0.05,2
8,7013,0.05,2
10,7507,0.15,2
10,7120,0.15,2
10,6780,0.15,2
10,7524,0.15,2
10,6797,0.15,2
10,6761,0.15,2
10,7169,0.15,2
10,7394,0.15,2
14,7499,0.21,2
14,7066,0.21,2
14,7399,0.21,2
14,7087,0.21,2
14,7524,0.21,2
14,7170,0.21,2
14,6761,0.21,2
14,7394,0.21,2
14,7653,0.21,2
14,613,0.21,2
16,6966,1,2
16,7599,1,2
16,7102,1,2
16,6723,1,2
16,7165,1,2
16,6962,1,2
16,7153,1,2
16,7241,1,2
16,6769,1,2
16,6761,1,2
16,7169,1,2
16,7394,1,2
16,198,1,2
16,18,1,2
16,572,1,2
16,911,1,2
16,579,1,2
16,391,1,2
16,820,1,2
16,664,1,2
16,465,1,2
16,506,1,2
16,673,1,2
16,523,1,2
16,333,1,2
17,7437,0.04,2
17,7465,0.04,2
17,7190,0.04,2
17,7305,0.04,2
17,7155,0.04,2
17,6761,0.04,2
17,7169,0.04,2
17,7452,0.04,2
18,7351,0.21,2
18,7671,0.21,2
18,7573,0.21,2
18,6843,0.21,2
18,6758,0.21,2
18,6947,0.21,2
18,7155,0.21,2
18,7575,0.21,2
18,6761,0.21,2
18,7169,0.21,2
18,7394,0.21,2
18,186,0.21,2
18,359,0.21,2
18,506,0.21,2
18,484,0.21,2
18,673,0.21,2
18,523,0.21,2
18,613,0.21,2
18,333,0.21,2
19,7428,1,2
19,7260,1,2
19,6843,1,2
19,7399,1,2
19,6758,1,2
19,7314,1,2
19,7264,1,2
19,6761,1,2
19,7169,1,2
19,7394,1,2
19,368,1,2
19,7013,1,2
19,920,1,2
19,484,1,2
19,673,1,2
19,333,1,2
20,7120,0.08,2
20,6741,0.08,2
20,6947,0.08,2
20,6853,0.08,2
20,7153,0.08,2
20,7305,0.08,2
20,6761,0.08,2
20,7169,0.08,2
20,7394,0.08,2
20,7013,0.08,2
20,93,0.08,2
20,484,0.08,2
20,673,0.08,2
20,333,0.08,2
22,7671,0.94,2
22,6912,0.94,2
22,6947,0.94,2
22,7399,0.94,2
22,6756,0.94,2
22,7169,0.94,2
22,7394,0.94,2
22,7653,0.94,2
22,209,0.94,2
22,7013,0.94,2
22,436,0.94,2
22,269,0.94,2
22,484,0.94,2
23,7260,1,2
23,7428,1,2
23,7649,1,2
23,6947,1,2
23,7382,1,2
23,7332,1,2
23,7524,1,2
23,7153,1,2
23,6761,1,2
23,7169,1,2
23,7394,1,2
23,869,1,2
23,7013,1,2
23,280,1,2
24,6966,0.13,2
24,7282,0.13,2
24,7270,0.13,2
24,7382,0.13,2
24,7524,0.13,2
24,7153,0.13,2
24,6761,0.13,2
24,7169,0.13,2
24,7394,0.13,2
24,56,0.13,2
25,6877,1,2
25,6764,1,2
25,6947,1,2
25,6843,1,2
25,7256,1,2
25,7241,1,2
25,6761,1,2
25,7169,1,2
25,7394,1,2
25,564,1,2
25,714,1,2
25,7013,1,2
25,484,1,2
25,333,1,2
26,6966,1,2
26,6764,1,2
26,6843,1,2
26,7187,1,2
26,6758,1,2
26,7153,1,2
26,6748,1,2
26,6761,1,2
26,7169,1,2
26,7394,1,2
26,530,1,2
26,437,1,2
26,359,1,2
26,920,1,2
26,114,1,2
26,227,1,2
26,925,1,2
26,519,1,2
26,799,1,2
26,484,1,2
26,725,1,2
26,12,1,2
26,673,1,2
26,664,1,2
26,333,1,2
27,725,0.02,2
28,6960,0.74,2
28,7299,0.74,2
28,7128,0.74,2
28,6947,0.74,2
28,7399,0.74,2
28,7087,0.74,2
28,7686,0.74,2
28,6761,0.74,2
28,7169,0.74,2
28,7653,0.74,2
28,332,0.74,2
28,7013,0.74,2
28,604,0.74,2
28,943,0.74,2
28,484,0.74,2
28,613,0.74,2
29,7671,0.14,2
29,6912,0.14,2
29,6947,0.14,2
29,6765,0.14,2
29,7153,0.14,2
29,7241,0.14,2
29,6761,0.14,2
29,7169,0.14,2
29,7394,0.14,2
29,7013,0.14,2
29,604,0.14,2
30,7260,1,2
30,7428,1,2
30,6843,1,2
30,7209,1,2
30,6758,1,2
30,7153,1,2
30,7155,1,2
30,6761,1,2
30,7169,1,2
30,7394,1,2
30,528,1,2
30,359,1,2
30,18,1,2
30,572,1,2
30,484,1,2
30,184,1,2
30,664,1,2
30,333,1,2
31,6946,0.22,2
31,7428,0.22,2
31,7668,0.22,2
31,6987,0.22,2
31,7524,0.22,2
31,7431,0.22,2
31,6761,0.22,2
31,7169,0.22,2
31,7394,0.22,2
31,324,0.22,2
34,7387,0.94,2
34,7529,0.94,2
34,7361,0.94,2
34,6843,0.94,2
34,6758,0.94,2
34,6723,0.94,2
34,7548,0.94,2
34,6826,0.94,2
34,6761,0.94,2
34,7169,0.94,2
34,7394,0.94,2
34,602,0.94,2
34,198,0.94,2
34,436,0.94,2
34,838,0.94,2
34,218,0.94,2
34,94,0.94,2
34,309,0.94,2
34,434,0.94,2
34,655,0.94,2
34,706,0.94,2
34,673,0.94,2
34,333,0.94,2
35,6863,0.68,2
35,6764,0.68,2
35,6928,0.68,2
35,6741,0.68,2
35,7524,0.68,2
35,7305,0.68,2
35,7084,0.68,2
35,6761,0.68,2
35,7169,0.68,2
35,7394,0.68,2
35,198,0.68,2
35,943,0.68,2
35,187,0.68,2
36,6946,0.26,2
36,7428,0.26,2
36,7260,0.26,2
36,6928,0.26,2
36,6756,0.26,2
36,6769,0.26,2
36,6761,0.26,2
36,7169,0.26,2
36,7394,0.26,2
36,207,0.26,2
36,413,0.26,2
36,7013,0.26,2
36,948,0.26,2
36,937,0.26,2
36,352,0.26,2
36,391,0.26,2
36,838,0.26,2
36,333,0.26,2
37,6946,1,2
37,7146,1,2
37,7081,1,2
37,6843,1,2
37,6947,1,2
37,6987,1,2
37,7524,1,2
37,7305,1,2
37,6761,1,2
37,7169,1,2
37,7394,1,2
37,359,1,2
37,18,1,2
37,484,1,2
37,12,1,2
39,7051,0.11,2
39,6947,0.11,2
39,7087,0.11,2
39,7399,0.11,2
39,7524,0.11,2
39,6962,0.11,2
39,6761,0.11,2
39,7169,0.11,2
39,7394,0.11,2
39,747,0.11,2
39,7013,0.11,2
39,592,0.11,2
39,484,0.11,2
39,613,0.11,2
40,7428,0.23,2
40,7097,0.23,2
40,6758,0.23,2
40,6741,0.23,2
40,6748,0.23,2
40,7373,0.23,2
40,6761,0.23,2
40,7169,0.23,2
40,7394,0.23,2
40,370,0.23,2
40,359,0.23,2
40,333,0.23,2
41,6966,1,2
41,6767,1,2
41,7165,1,2
41,7608,1,2
41,7332,1,2
41,7382,1,2
41,7153,1,2
41,7190,1,2
41,7155,1,2
41,6761,1,2
41,7169,1,2
41,7394,1,2
41,7452,1,2
41,359,1,2
41,18,1,2
41,572,1,2
41,923,1,2
41,776,1,2
41,461,1,2
41,409,1,2
41,439,1,2
41,506,1,2
41,523,1,2
41,664,1,2
41,581,1,2
43,7601,0.32,2
43,7111,0.32,2
43,7179,0.32,2
43,7399,0.32,2
43,6947,0.32,2
43,6843,0.32,2
43,6962,0.32,2
43,7153,0.32,2
43,6761,0.32,2
43,7169,0.32,2
43,7394,0.32,2
43,11,0.32,2
43,359,0.32,2
43,604,0.32,2
43,943,0.32,2
43,484,0.32,2
43,613,0.32,2
48,484,0.02,2
48,613,0.02,2
50,6891,0.27,2
50,7498,0.27,2
50,6947,0.27,2
50,7399,0.27,2
50,7087,0.27,2
50,6761,0.27,2
50,7169,0.27,2
50,7394,0.27,2
50,444,0.27,2
50,7013,0.27,2
50,484,0.27,2
50,140,0.27,2
50,333,0.27,2
50,552,0.27,2
52,7260,0.18,2
52,6767,0.18,2
52,7391,0.18,2
52,7494,0.18,2
52,6947,0.18,2
52,7169,0.18,2
52,7394,0.18,2
52,7653,0.18,2
52,373,0.18,2
52,87,0.18,2
52,604,0.18,2
52,432,0.18,2
52,613,0.18,2
54,7671,0.59,2
54,7120,0.59,2
54,6947,0.59,2
54,7399,0.59,2
54,7494,0.59,2
54,6826,0.59,2
54,7524,0.59,2
54,7153,0.59,2
54,6761,0.59,2
54,7169,0.59,2
54,7394,0.59,2
54,637,0.59,2
54,7013,0.59,2
54,604,0.59,2
55,6946,0.47,2
55,7260,0.47,2
55,6767,0.47,2
55,7399,0.47,2
55,7494,0.47,2
55,6947,0.47,2
55,6826,0.47,2
55,6761,0.47,2
55,7169,0.47,2
55,7394,0.47,2
55,7653,0.47,2
55,63,0.47,2
55,198,0.47,2
55,604,0.47,2
55,432,0.47,2
55,613,0.47,2
57,7499,0.41,2
57,7671,0.41,2
57,6947,0.41,2
57,7399,0.41,2
57,7575,0.41,2
57,6800,0.41,2
57,7394,0.41,2
57,7653,0.41,2
57,7013,0.41,2
57,920,0.41,2
57,484,0.41,2
57,613,0.41,2
58,7260,0.64,2
58,7176,0.64,2
58,7357,0.64,2
58,7524,0.64,2
58,7153,0.64,2
58,7241,0.64,2
58,6761,0.64,2
58,7169,0.64,2
58,7394,0.64,2
58,467,0.64,2
58,359,0.64,2
58,18,0.64,2
58,670,0.64,2
58,19,0.64,2
58,914,0.64,2
58,179,0.64,2
58,600,0.64,2
58,187,0.64,2
59,7102,0.29,2
59,6966,0.29,2
59,7260,0.29,2
59,7382,0.29,2
59,7153,0.29,2
59,7241,0.29,2
59,6761,0.29,2
59,7169,0.29,2
59,7394,0.29,2
59,467,0.29,2
59,7013,0.29,2
59,436,0.29,2
59,187,0.29,2
60,6764,0.83,2
60,6928,0.83,2
60,7464,0.83,2
60,7170,0.83,2
60,7375,0.83,2
60,6761,0.83,2
60,7169,0.83,2
60,7394,0.83,2
60,797,0.83,2
60,7013,0.83,2
60,354,0.83,2
60,426,0.83,2
60,834,0.83,2
60,805,0.83,2
60,435,0.83,2
60,439,0.83,2
60,127,0.83,2
60,715,0.83,2
60,673,0.83,2
60,762,0.83,2
60,187,0.83,2
60,333,0.83,2
61,333,0.09,2
62,613,0.03,2
64,682,0.04,2
64,484,0.04,2
64,613,0.04,2
66,6946,0.12,2
66,7428,0.12,2
66,6741,0.12,2
66,7090,0.12,2
66,7256,0.12,2
66,7218,0.12,2
66,6761,0.12,2
66,7394,0.12,2
66,355,0.12,2
66,7013,0.12,2
66,12,0.12,2
66,333,0.12,2
68,6966,0.46,2
68,7599,0.46,2
68,7282,0.46,2
68,7382,0.46,2
68,6826,0.46,2
68,7153,0.46,2
68,6761,0.46,2
68,7169,0.46,2
68,7394,0.46,2
68,7452,0.46,2
68,833,0.46,2
68,359,0.46,2
68,436,0.46,2
68,572,0.46,2
68,523,0.46,2
69,6764,1,2
69,7348,1,2
69,7178,1,2
69,6843,1,2
69,6758,1,2
69,7209,1,2
69,7153,1,2
69,7524,1,2
69,6761,1,2
69,7169,1,2
69,7394,1,2
69,883,1,2
69,854,1,2
69,7013,1,2
69,18,1,2
69,673,1,2
69,333,1,2
70,7311,0.28,2
70,7680,0.28,2
70,6947,0.28,2
70,6741,0.28,2
70,6843,0.28,2
70,7256,0.28,2
70,7524,0.28,2
70,7153,0.28,2
70,6761,0.28,2
70,7169,0.28,2
70,7394,0.28,2
70,711,0.28,2
70,7013,0.28,2
70,484,0.28,2
72,7595,0.24,2
72,6947,0.24,2
72,7087,0.24,2
72,6826,0.24,2
72,6761,0.24,2
72,7394,0.24,2
72,7013,0.24,2
72,484,0.24,2
72,835,0.24,2
73,6764,0.11,2
73,6947,0.11,2
73,6843,0.11,2
73,7471,0.11,2
73,6761,0.11,2
73,7169,0.11,2
73,7394,0.11,2
73,7013,0.11,2
73,926,0.11,2
76,6764,1,2
76,6912,1,2
76,6891,1,2
76,6843,1,2
76,6750,1,2
76,6947,1,2
76,7264,1,2
76,6924,1,2
76,6761,1,2
76,7169,1,2
76,7394,1,2
76,910,1,2
76,908,1,2
76,359,1,2
76,436,1,2
76,484,1,2
76,725,1,2
76,333,1,2
77,484,0.12,2
77,725,0.12,2
77,333,0.12,2
79,7544,0.54,2
79,6946,0.54,2
79,6928,0.54,2
79,7443,0.54,2
79,6826,0.54,2
79,7153,0.54,2
79,6761,0.54,2
79,7169,0.54,2
79,7394,0.54,2
79,722,0.54,2
79,198,0.54,2
79,436,0.54,2
79,103,0.54,2
79,333,0.54,2
80,6764,0.4,2
80,6843,0.4,2
80,6947,0.4,2
80,6987,0.4,2
80,7153,0.4,2
80,7686,0.4,2
80,6761,0.4,2
80,7169,0.4,2
80,7394,0.4,2
80,843,0.4,2
80,7013,0.4,2
80,943,0.4,2
80,484,0.4,2
80,613,0.4,2
80,333,0.4,2
81,484,0.06,2
81,835,0.06,2
82,7311,0.3,2
82,7428,0.3,2
82,7112,0.3,2
82,7087,0.3,2
82,6840,0.3,2
82,7155,0.3,2
82,6788,0.3,2
82,6761,0.3,2
82,7169,0.3,2
82,7394,0.3,2
82,231,0.3,2
82,7013,0.3,2
82,432,0.3,2
82,484,0.3,2
82,12,0.3,2
83,7680,1,2
83,7428,1,2
83,7102,1,2
83,6843,1,2
83,6947,1,2
83,6987,1,2
83,7153,1,2
83,7155,1,2
83,6761,1,2
83,7169,1,2
83,7394,1,2
83,794,1,2
83,198,1,2
83,436,1,2
83,280,1,2
83,7013,1,2
83,237,1,2
83,96,1,2
83,694,1,2
83,610,1,2
83,599,1,2
83,484,1,2
83,613,1,2
84,6764,0.77,2
84,7671,0.77,2
84,7120,0.77,2
84,6947,0.77,2
84,6843,0.77,2
84,7443,0.77,2
84,7524,0.77,2
84,7170,0.77,2
84,6761,0.77,2
84,7169,0.77,2
84,7394,0.77,2
84,569,0.77,2
84,159,0.77,2
84,7013,0.77,2
84,484,0.77,2
84,673,0.77,2
84,333,0.77,2
85,6811,0.26,2
85,7428,0.26,2
85,6947,0.26,2
85,6843,0.26,2
85,7399,0.26,2
85,7524,0.26,2
85,6836,0.26,2
85,6761,0.26,2
85,7169,0.26,2
85,7394,0.26,2
85,42,0.26,2
85,714,0.26,2
85,359,0.26,2
85,484,0.26,2
85,725,0.26,2
85,673,0.26,2
85,333,0.26,2
86,6764,0.35,2
86,6843,0.35,2
86,6947,0.35,2
86,6765,0.35,2
86,7221,0.35,2
86,7367,0.35,2
86,6761,0.35,2
86,7169,0.35,2
86,7394,0.35,2
86,7013,0.35,2
88,7503,0.27,2
88,6750,0.27,2
88,6874,0.27,2
88,7524,0.27,2
88,7170,0.27,2
88,6769,0.27,2
88,6761,0.27,2
88,7169,0.27,2
88,7452,0.27,2
88,210,0.27,2
88,7013,0.27,2
88,762,0.27,2
88,187,0.27,2
89,6764,1,2
89,7051,1,2
89,7399,1,2
89,7087,1,2
89,7288,1,2
89,6756,1,2
89,6761,1,2
89,7169,1,2
89,7394,1,2
89,87,1,2
89,604,1,2
89,328,1,2
89,613,1,2
90,7498,0.28,2
90,7469,0.28,2
90,7165,0.28,2
90,7686,0.28,2
90,7190,0.28,2
90,7170,0.28,2
90,6761,0.28,2
90,7169,0.28,2
90,7452,0.28,2
90,343,0.28,2
91,6966,0.15,2
91,7260,0.15,2
91,6947,0.15,2
91,7153,0.15,2
91,7686,0.15,2
91,6826,0.15,2
91,6761,0.15,2
91,7169,0.15,2
91,7394,0.15,2
91,7013,0.15,2
91,676,0.15,2
91,480,0.15,2
91,484,0.15,2
93,7671,0.16,2
93,7501,0.16,2
93,7120,0.16,2
93,6947,0.16,2
93,7399,0.16,2
93,6843,0.16,2
93,6765,0.16,2
93,7524,0.16,2
93,7153,0.16,2
93,7241,0.16,2
93,6761,0.16,2
93,7169,0.16,2
93,7394,0.16,2
93,7013,0.16,2
93,484,0.16,2
94,7120,0.04,2
94,6764,0.04,2
94,6947,0.04,2
94,6780,0.04,2
94,7471,0.04,2
94,6761,0.04,2
94,7169,0.04,2
94,7394,0.04,2
94,7013,0.04,2
95,613,0.05,2
96,7499,0.2,2
96,7702,0.2,2
96,7145,0.2,2
96,7399,0.2,2
96,6765,0.2,2
96,6947,0.2,2
96,7686,0.2,2
96,7155,0.2,2
96,6905,0.2,2
96,7169,0.2,2
96,7394,0.2,2
96,7653,0.2,2
96,271,0.2,2
96,87,0.2,2
96,810,0.2,2
96,484,0.2,2
96,613,0.2,2
98,7476,1,2
98,7120,1,2
98,6765,1,2
98,6843,1,2
98,6947,1,2
98,7155,1,2
98,7241,1,2
98,6761,1,2
98,7169,1,2
98,7394,1,2
98,359,1,2
98,613,1,2
98,333,1,2
99,7260,1,2
99,7658,1,2
99,7428,1,2
99,6767,1,2
99,6843,1,2
99,6758,1,2
99,7382,1,2
99,6947,1,2
99,7367,1,2
99,7524,1,2
99,7314,1,2
99,6761,1,2
99,7169,1,2
99,7394,1,2
99,7452,1,2
99,7013,1,2
99,205,1,2
99,839,1,2
99,844,1,2
99,30,1,2
99,439,1,2
100,6764,0.33,2
100,7671,0.33,2
100,7120,0.33,2
100,6765,0.33,2
100,6947,0.33,2
100,6987,0.33,2
100,7399,0.33,2
100,7153,0.33,2
100,7241,0.33,2
100,7155,0.33,2
100,6761,0.33,2
100,7169,0.33,2
100,7394,0.33,2
100,555,0.33,2
100,7013,0.33,2
100,484,0.33,2
100,613,0.33,2
100,333,0.33,2
101,6764,0.57,2
101,6947,0.57,2
101,6843,0.57,2
101,7399,0.57,2
101,6962,0.57,2
101,7256,0.57,2
101,6761,0.57,2
101,7169,0.57,2
101,7394,0.57,2
101,902,0.57,2
101,437,0.57,2
101,7013,0.57,2
101,920,0.57,2
101,465,0.57,2
101,484,0.57,2
101,673,0.57,2
101,333,0.57,2
102,7428,0.06,2
102,7260,0.06,2
102,6947,0.06,2
102,6843,0.06,2
102,7399,0.06,2
102,7155,0.06,2
102,6962,0.06,2
102,7524,0.06,2
102,6761,0.06,2
102,7169,0.06,2
102,7394,0.06,2
102,7452,0.06,2
102,437,0.06,2
102,7013,0.06,2
102,920,0.06,2
102,484,0.06,2
103,7260,0.61,2
103,7282,0.61,2
103,6843,0.61,2
103,6987,0.61,2
103,7209,0.61,2
103,7155,0.61,2
103,7153,0.61,2
103,6761,0.61,2
103,7169,0.61,2
103,7394,0.61,2
103,740,0.61,2
103,359,0.61,2
103,920,0.61,2
103,484,0.61,2
103,673,0.61,2
103,333,0.61,2
104,7428,0.36,2
104,6764,0.36,2
104,6947,0.36,2
104,6834,0.36,2
104,7256,0.36,2
104,6962,0.36,2
104,7686,0.36,2
104,6761,0.36,2
104,7169,0.36,2
104,7394,0.36,2
104,615,0.36,2
104,560,0.36,2
104,7013,0.36,2
104,18,0.36,2
104,484,0.36,2
104,613,0.36,2
106,6845,0.1,2
106,7513,0.1,2
106,6947,0.1,2
106,7399,0.1,2
106,7688,0.1,2
106,7686,0.1,2
106,7042,0.1,2
106,6761,0.1,2
106,7169,0.1,2
106,7394,0.1,2
106,819,0.1,2
106,7013,0.1,2
106,12,0.1,2
107,7542,1,2
107,6947,1,2
107,6843,1,2
107,6765,1,2
107,7155,1,2
107,7256,1,2
107,7153,1,2
107,6761,1,2
107,7169,1,2
107,7394,1,2
107,538,1,2
107,47,1,2
107,7013,1,2
108,6891,0.48,2
108,6843,0.48,2
108,6987,0.48,2
108,7153,0.48,2
108,7686,0.48,2
108,6761,0.48,2
108,7169,0.48,2
108,7394,0.48,2
108,362,0.48,2
108,7013,0.48,2
108,920,0.48,2
108,673,0.48,2
108,333,0.48,2
109,7622,0.21,2
109,7164,0.21,2
109,7282,0.21,2
109,6928,0.21,2
109,7443,0.21,2
109,6826,0.21,2
109,7153,0.21,2
109,7536,0.21,2
109,6761,0.21,2
109,7169,0.21,2
109,7394,0.21,2
109,887,0.21,2
109,7013,0.21,2
109,509,0.21,2
109,414,0.21,2
109,307,0.21,2
109,83,0.21,2
109,439,0.21,2
109,333,0.21,2
110,6966,1,2
110,7102,1,2
110,7599,1,2
110,7165,1,2
110,7332,1,2
110,7153,1,2
110,7155,1,2
110,6756,1,2
110,6761,1,2
110,7169,1,2
110,7452,1,2
110,359,1,2
110,436,1,2
110,572,1,2
110,465,1,2
110,360,1,2
110,941,1,2
110,506,1,2
110,673,1,2
110,523,1,2
111,484,0.05,2
113,13,0.01,2
113,245,0.01,2
113,333,0.01,2
116,7274,0.07,2
116,6947,0.07,2
116,7087,0.07,2
116,6843,0.07,2
116,7575,0.07,2
116,7375,0.07,2
116,7153,0.07,2
116,6761,0.07,2
116,7169,0.07,2
116,7394,0.07,2
116,359,0.07,2
116,484,0.07,2
117,6966,1,2
117,7102,1,2
117,7428,1,2
117,7332,1,2
117,7209,1,2
117,7382,1,2
117,7153,1,2
117,6826,1,2
117,6761,1,2
117,7169,1,2
117,7394,1,2
117,848,1,2
117,359,1,2
117,592,1,2
117,534,1,2
117,465,1,2
117,941,1,2
117,524,1,2
117,484,1,2
117,563,1,2
117,673,1,2
121,7657,0.83,2
121,6877,0.83,2
121,7481,0.83,2
121,7382,0.83,2
121,7071,0.83,2
121,7272,0.83,2
121,6805,0.83,2
121,7169,0.83,2
121,7394,0.83,2
121,7452,0.83,2
121,105,0.83,2
121,359,0.83,2
121,18,0.83,2
121,143,0.83,2
121,604,0.83,2
121,93,0.83,2
121,524,0.83,2
121,333,0.83,2
122,6750,0.05,2
122,7153,0.05,2
122,6761,0.05,2
122,7169,0.05,2
122,262,0.05,2
122,12,0.05,2
123,7274,0.1,2
123,6947,0.1,2
123,7399,0.1,2
123,7524,0.1,2
123,7686,0.1,2
123,7394,0.1,2
123,7653,0.1,2
124,7671,1,2
124,7289,1,2
124,7120,1,2
124,6947,1,2
124,7399,1,2
124,7241,1,2
124,7155,1,2
124,7686,1,2
124,6761,1,2
124,7169,1,2
124,7394,1,2
124,584,1,2
124,7013,1,2
124,280,1,2
124,333,1,2
127,7260,0.03,2
127,7680,0.03,2
127,6947,0.03,2
127,7672,0.03,2
127,7305,0.03,2
127,6761,0.03,2
127,7169,0.03,2
127,7394,0.03,2
127,17,0.03,2
127,7013,0.03,2
127,920,0.03,2
127,233,0.03,2
127,930,0.03,2
127,391,0.03,2
127,597,0.03,2
127,664,0.03,2
128,7120,0.23,2
128,6764,0.23,2
128,7051,0.23,2
128,6843,0.23,2
128,6947,0.23,2
128,7187,0.23,2
128,7153,0.23,2
128,7524,0.23,2
128,6761,0.23,2
128,7169,0.23,2
128,7394,0.23,2
128,380,0.23,2
128,7013,0.23,2
128,920,0.23,2
128,484,0.23,2
128,333,0.23,2
129,6826,0.07,2
129,7524,0.07,2
129,6769,0.07,2
129,6761,0.07,2
129,7169,0.07,2
129,7394,0.07,2
129,359,0.07,2
129,484,0.07,2
129,523,0.07,2
129,613,0.07,2
130,7496,1,2
130,7428,1,2
130,6946,1,2
130,6843,1,2
130,7187,1,2
130,7382,1,2
130,6748,1,2
130,7153,1,2
130,6761,1,2
130,7169,1,2
130,7394,1,2
130,268,1,2
130,198,1,2
130,920,1,2
130,62,1,2
130,391,1,2
130,791,1,2
130,227,1,2
130,434,1,2
130,484,1,2
130,333,1,2
131,7428,1,2
131,6946,1,2
131,6966,1,2
131,6758,1,2
131,7403,1,2
131,7153,1,2
131,6748,1,2
131,6761,1,2
131,7169,1,2
131,7394,1,2
131,167,1,2
131,198,1,2
131,920,1,2
131,339,1,2
131,333,1,2
132,7081,0.2,2
132,7428,0.2,2
132,6947,0.2,2
132,7399,0.2,2
132,7087,0.2,2
132,6937,0.2,2
132,6962,0.2,2
132,7686,0.2,2
132,6761,0.2,2
132,7169,0.2,2
132,7394,0.2,2
132,855,0.2,2
132,810,0.2,2
132,943,0.2,2
132,484,0.2,2
132,12,0.2,2
132,613,0.2,2
133,7671,1,2
133,7632,1,2
133,6764,1,2
133,7382,1,2
133,7153,1,2
133,7116,1,2
133,6761,1,2
133,7169,1,2
133,7394,1,2
133,785,1,2
133,359,1,2
133,436,1,2
133,572,1,2
133,216,1,2
133,484,1,2
133,673,1,2
133,333,1,2
136,7230,0.83,2
136,7428,0.83,2
136,6843,0.83,2
136,6758,0.83,2
136,6987,0.83,2
136,7548,0.83,2
136,7153,0.83,2
136,7524,0.83,2
136,6761,0.83,2
136,7169,0.83,2
136,7394,0.83,2
136,511,0.83,2
136,7013,0.83,2
136,920,0.83,2
136,333,0.83,2
138,6811,1,2
138,7428,1,2
138,7329,1,2
138,6947,1,2
138,6987,1,2
138,6843,1,2
138,6788,1,2
138,7153,1,2
138,6826,1,2
138,6761,1,2
138,7169,1,2
138,7394,1,2
138,52,1,2
138,7013,1,2
138,572,1,2
138,484,1,2
139,7671,1,2
139,6764,1,2
139,6843,1,2
139,6947,1,2
139,7187,1,2
139,7241,1,2
139,7256,1,2
139,6761,1,2
139,7169,1,2
139,7394,1,2
139,944,1,2
139,198,1,2
139,18,1,2
139,572,1,2
139,556,1,2
139,680,1,2
139,480,1,2
139,521,1,2
139,486,1,2
139,484,1,2
139,725,1,2
141,484,0.06,2
141,402,0.06,2
142,7404,0.18,2
142,7428,0.18,2
142,6947,0.18,2
142,6741,0.18,2
142,7241,0.18,2
142,7153,0.18,2
142,7524,0.18,2
142,6761,0.18,2
142,7169,0.18,2
142,7394,0.18,2
142,882,0.18,2
142,359,0.18,2
142,876,0.18,2
142,484,0.18,2
145,7072,0.13,2
145,7151,0.13,2
145,7210,0.13,2
145,7399,0.13,2
145,6826,0.13,2
145,7190,0.13,2
145,7153,0.13,2
145,6761,0.13,2
145,7169,0.13,2
145,7394,0.13,2
145,604,0.13,2
146,7671,1,2
146,6764,1,2
146,7120,1,2
146,6765,1,2
146,6947,1,2
146,6843,1,2
146,7155,1,2
146,7686,1,2
146,7256,1,2
146,6761,1,2
146,7169,1,2
146,7394,1,2
146,449,1,2
146,198,1,2
146,484,1,2
147,7499,0.24,2
147,7120,0.24,2
147,6912,0.24,2
147,7399,0.24,2
147,6947,0.24,2
147,7087,0.24,2
147,7524,0.24,2
147,7153,0.24,2
147,7169,0.24,2
147,7394,0.24,2
147,7653,0.24,2
147,744,0.24,2
147,87,0.24,2
147,484,0.24,2
147,613,0.24,2
148,6966,1,2
148,6946,1,2
148,7428,1,2
148,6843,1,2
148,7382,1,2
148,7209,1,2
148,7153,1,2
148,7375,1,2
148,7169,1,2
148,7394,1,2
148,7452,1,2
148,260,1,2
148,359,1,2
148,920,1,2
148,572,1,2
148,543,1,2
148,524,1,2
148,484,1,2
148,725,1,2
148,673,1,2
148,333,1,2
150,7260,0.16,2
150,7428,0.16,2
150,7102,0.16,2
150,7494,0.16,2
150,7399,0.16,2
150,7391,0.16,2
150,7153,0.16,2
150,7190,0.16,2
150,6761,0.16,2
150,7169,0.16,2
150,7394,0.16,2
150,263,0.16,2
150,604,0.16,2
150,841,0.16,2
150,460,0.16,2
150,527,0.16,2
150,367,0.16,2
150,190,0.16,2
150,432,0.16,2
150,484,0.16,2
150,613,0.16,2
151,7599,0.62,2
151,6966,0.62,2
151,7282,0.62,2
151,7209,0.62,2
151,7332,0.62,2
151,7165,0.62,2
151,6843,0.62,2
151,7239,0.62,2
151,6826,0.62,2
151,6761,0.62,2
151,7169,0.62,2
151,7394,0.62,2
151,7452,0.62,2
151,148,0.62,2
151,26,0.62,2
151,359,0.62,2
151,506,0.62,2
151,151,0.62,2
151,484,0.62,2
151,725,0.62,2
151,673,0.62,2
151,523,0.62,2
151,333,0.62,2
152,6966,1,2
152,7102,1,2
152,7597,1,2
152,6843,1,2
152,7382,1,2
152,6758,1,2
152,7153,1,2
152,7524,1,2
152,6788,1,2
152,6761,1,2
152,7169,1,2
152,7394,1,2
152,7452,1,2
152,690,1,2
152,359,1,2
152,920,1,2
152,572,1,2
152,524,1,2
152,484,1,2
152,725,1,2
152,333,1,2
153,954,0.01,2
153,495,0.01,2
153,460,0.01,2
153,60,0.01,2
153,798,0.01,2
154,622,0.01,2
154,343,0.01,2
154,134,0.01,2
154,420,0.01,2
154,253,0.01,2
155,7507,1,2
155,7632,1,2
155,7189,1,2
155,7165,1,2
155,7190,1,2
155,7084,1,2
155,6761,1,2
155,7169,1,2
155,7452,1,2
155,7013,1,2
155,436,1,2
155,6810,1,2
155,543,1,2
155,389,1,2
155,523,1,2
155,70,1,2
156,7102,0.16,2
156,7260,0.16,2
156,7428,0.16,2
156,6947,0.16,2
156,7408,0.16,2
156,7399,0.16,2
156,7524,0.16,2
156,7169,0.16,2
156,7394,0.16,2
156,7653,0.16,2
156,868,0.16,2
156,604,0.16,2
156,613,0.16,2
157,6966,0.2,2
157,6946,0.2,2
157,7102,0.2,2
157,7374,0.2,2
157,7382,0.2,2
157,7071,0.2,2
157,7443,0.2,2
157,7305,0.2,2
157,7375,0.2,2
157,7153,0.2,2
157,6761,0.2,2
157,7169,0.2,2
157,7394,0.2,2
157,7452,0.2,2
157,298,0.2,2
157,7013,0.2,2
157,18,0.2,2
159,6946,1,2
159,7644,1,2
159,7299,1,2
159,7408,1,2
159,7276,1,2
159,7153,1,2
159,7084,1,2
159,7305,1,2
159,6761,1,2
159,7169,1,2
159,7394,1,2
159,719,1,2
159,198,1,2
160,6966,0.24,2
160,7599,0.24,2
160,7282,0.24,2
160,7102,0.24,2
160,7332,0.24,2
160,7608,0.24,2
160,7165,0.24,2
160,7155,0.24,2
160,6788,0.24,2
160,7153,0.24,2
160,6761,0.24,2
160,7169,0.24,2
160,7394,0.24,2
160,894,0.24,2
160,359,0.24,2
160,18,0.24,2
160,604,0.24,2
160,506,0.24,2
160,884,0.24,2
160,661,0.24,2
160,551,0.24,2
160,438,0.24,2
160,484,0.24,2
160,725,0.24,2
160,12,0.24,2
160,523,0.24,2
160,545,0.24,2
162,779,0,2
162,734,0,2
162,187,0,2
163,7102,0.17,2
163,7260,0.17,2
163,6947,0.17,2
163,7399,0.17,2
163,7276,0.17,2
163,7153,0.17,2
163,7524,0.17,2
163,7686,0.17,2
163,6761,0.17,2
163,7169,0.17,2
163,7394,0.17,2
163,7452,0.17,2
163,7653,0.17,2
163,505,0.17,2
163,484,0.17,2
163,613,0.17,2
164,6811,0.13,2
164,7209,0.13,2
164,6843,0.13,2
164,6947,0.13,2
164,7241,0.13,2
164,7305,0.13,2
164,6761,0.13,2
164,7169,0.13,2
164,7394,0.13,2
164,359,0.13,2
164,673,0.13,2
164,523,0.13,2
164,333,0.13,2
165,7183,0.1,2
165,7389,0.1,2
165,7378,0.1,2
165,6947,0.1,2
165,7399,0.1,2
165,7408,0.1,2
165,7084,0.1,2
165,7153,0.1,2
165,6826,0.1,2
165,6761,0.1,2
165,7169,0.1,2
165,7394,0.1,2
165,198,0.1,2
165,604,0.1,2
165,146,0.1,2
165,484,0.1,2
166,6946,0.6,2
166,6966,0.6,2
166,6843,0.6,2
166,6758,0.6,2
166,7382,0.6,2
166,6826,0.6,2
166,6976,0.6,2
166,6761,0.6,2
166,7169,0.6,2
166,7394,0.6,2
166,7452,0.6,2
166,423,0.6,2
166,359,0.6,2
166,436,0.6,2
166,194,0.6,2
166,598,0.6,2
166,161,0.6,2
166,120,0.6,2
166,214,0.6,2
166,339,0.6,2
166,484,0.6,2
166,725,0.6,2
166,485,0.6,2
166,523,0.6,2
166,333,0.6,2
168,7428,0.07,2
168,7399,0.07,2
168,7155,0.07,2
168,7153,0.07,2
168,6761,0.07,2
168,7169,0.07,2
168,7394,0.07,2
168,346,0.07,2
170,543,0,2
170,93,0,2
170,407,0,2
170,673,0,2
170,187,0,2
171,7029,0.64,2
171,6741,0.64,2
171,6987,0.64,2
171,6976,0.64,2
171,6962,0.64,2
171,6826,0.64,2
171,6761,0.64,2
171,7169,0.64,2
171,7394,0.64,2
171,300,0.64,2
171,7013,0.64,2
171,943,0.64,2
173,7499,0.37,2
173,7671,0.37,2
173,6947,0.37,2
173,7399,0.37,2
173,7550,0.37,2
173,7155,0.37,2
173,7241,0.37,2
173,7394,0.37,2
173,7653,0.37,2
173,254,0.37,2
173,87,0.37,2
173,484,0.37,2
173,613,0.37,2
174,6946,0.82,2
174,6975,0.82,2
174,7282,0.82,2
174,7266,0.82,2
174,6874,0.82,2
174,7382,0.82,2
174,6804,0.82,2
174,7170,0.82,2
174,6788,0.82,2
174,7190,0.82,2
174,7461,0.82,2
174,6761,0.82,2
174,7452,0.82,2
174,7653,0.82,2
174,242,0.82,2
174,359,0.82,2
174,592,0.82,2
174,453,0.82,2
174,447,0.82,2
174,2,0.82,2
174,582,0.82,2
174,78,0.82,2
174,417,0.82,2
174,331,0.82,2
174,243,0.82,2
174,93,0.82,2
174,524,0.82,2
174,628,0.82,2
174,734,0.82,2
174,187,0.82,2
176,7611,0.11,2
176,7274,0.11,2
176,7399,0.11,2
176,7087,0.11,2
176,7320,0.11,2
176,6761,0.11,2
176,7169,0.11,2
176,7394,0.11,2
176,99,0.11,2
176,613,0.11,2
177,7357,0.4,2
177,7260,0.4,2
177,7428,0.4,2
177,6947,0.4,2
177,6765,0.4,2
177,6758,0.4,2
177,7524,0.4,2
177,7375,0.4,2
177,6761,0.4,2
177,7169,0.4,2
177,7394,0.4,2
177,29,0.4,2
177,7013,0.4,2
177,436,0.4,2
177,484,0.4,2
177,725,0.4,2
177,613,0.4,2
178,7260,0.39,2
178,6966,0.39,2
178,7428,0.39,2
178,6843,0.39,2
178,6758,0.39,2
178,6947,0.39,2
178,7153,0.39,2
178,7686,0.39,2
178,7524,0.39,2
178,6761,0.39,2
178,7169,0.39,2
178,7394,0.39,2
178,144,0.39,2
178,7013,0.39,2
178,920,0.39,2
178,572,0.39,2
179,6764,1,2
179,7632,1,2
179,6843,1,2
179,7209,1,2
179,7382,1,2
179,6769,1,2
179,7524,1,2
179,7686,1,2
179,6761,1,2
179,7169,1,2
179,7394,1,2
179,81,1,2
179,359,1,2
179,436,1,2
179,604,1,2
179,83,1,2
179,619,1,2
179,442,1,2
179,102,1,2
179,484,1,2
179,333,1,2
180,541,0.12,2
180,795,0.12,2
180,183,0.12,2
180,781,0.12,2
180,259,0.12,2
180,93,0.12,2
180,487,0.12,2
180,734,0.12,2
181,6745,0.39,2
181,7599,0.39,2
181,6966,0.39,2
181,6843,0.39,2
181,7209,0.39,2
181,6840,0.39,2
181,7686,0.39,2
181,7153,0.39,2
181,6761,0.39,2
181,7169,0.39,2
181,7394,0.39,2
181,294,0.39,2
181,359,0.39,2
181,436,0.39,2
181,484,0.39,2
181,673,0.39,2
181,333,0.39,2
184,6946,0.65,2
184,7428,0.65,2
184,6970,0.65,2
184,7382,0.65,2
184,7443,0.65,2
184,6843,0.65,2
184,7153,0.65,2
184,6826,0.65,2
184,7686,0.65,2
184,6761,0.65,2
184,7169,0.65,2
184,7394,0.65,2
184,685,0.65,2
184,7013,0.65,2
184,436,0.65,2
184,12,0.65,2
184,333,0.65,2
185,6947,0.11,2
185,7399,0.11,2
185,7524,0.11,2
185,7305,0.11,2
185,7153,0.11,2
185,7394,0.11,2
185,7653,0.11,2
185,484,0.11,2
185,613,0.11,2
186,6764,1,2
186,6954,1,2
186,7213,1,2
186,6741,1,2
186,6758,1,2
186,7524,1,2
186,7686,1,2
186,6761,1,2
186,7169,1,2
186,7394,1,2
186,924,1,2
186,7013,1,2
186,465,1,2
186,333,1,2
187,715,0.05,2
187,484,0.05,2
187,835,0.05,2
187,333,0.05,2
188,7589,0.11,2
188,7289,0.11,2
188,6843,0.11,2
188,6928,0.11,2
188,6758,0.11,2
188,6761,0.11,2
188,7169,0.11,2
188,7394,0.11,2
188,7013,0.11,2
188,892,0.11,2
188,715,0.11,2
188,835,0.11,2
188,333,0.11,2
189,7260,0.17,2
189,7428,0.17,2
189,7580,0.17,2
189,7408,0.17,2
189,7407,0.17,2
189,7201,0.17,2
189,7375,0.17,2
189,7153,0.17,2
189,6761,0.17,2
189,7169,0.17,2
189,7394,0.17,2
189,469,0.17,2
189,7013,0.17,2
190,7658,0.27,2
190,7282,0.27,2
190,7496,0.27,2
190,7087,0.27,2
190,6738,0.27,2
190,6761,0.27,2
190,7169,0.27,2
190,7394,0.27,2
190,7452,0.27,2
190,424,0.27,2
190,7013,0.27,2
190,604,0.27,2
190,21,0.27,2
190,484,0.27,2
191,7671,1,2
191,7507,1,2
191,6895,1,2
191,7399,1,2
191,6947,1,2
191,6834,1,2
191,7575,1,2
191,7153,1,2
191,7264,1,2
191,7169,1,2
191,7394,1,2
191,7653,1,2
191,286,1,2
191,7013,1,2
191,484,1,2
191,613,1,2
192,943,0.1,2
192,741,0.1,2
192,484,0.1,2
192,613,0.1,2
192,333,0.1,2
193,12,0,2
194,613,0,2
195,6764,0.32,2
195,7051,0.32,2
195,6947,0.32,2
195,6843,0.32,2
195,7399,0.32,2
195,7155,0.32,2
195,7241,0.32,2
195,6761,0.32,2
195,7169,0.32,2
195,7394,0.32,2
195,7013,0.32,2
195,484,0.32,2
195,613,0.32,2
196,484,0.06,2
196,613,0.06,2
197,7572,0.54,2
197,6764,0.54,2
197,7530,0.54,2
197,6843,0.54,2
197,6947,0.54,2
197,6758,0.54,2
197,7243,0.54,2
197,7155,0.54,2
197,7153,0.54,2
197,6761,0.54,2
197,7169,0.54,2
197,7394,0.54,2
197,410,0.54,2
197,198,0.54,2
197,436,0.54,2
197,484,0.54,2
198,6966,0.94,2
198,6745,0.94,2
198,7428,0.94,2
198,6843,0.94,2
198,7209,0.94,2
198,7382,0.94,2
198,7153,0.94,2
198,7256,0.94,2
198,7313,0.94,2
198,6761,0.94,2
198,7169,0.94,2
198,7394,0.94,2
198,359,0.94,2
198,436,0.94,2
198,572,0.94,2
198,604,0.94,2
198,224,0.94,2
198,654,0.94,2
198,480,0.94,2
198,9,0.94,2
198,497,0.94,2
198,465,0.94,2
198,543,0.94,2
198,673,0.94,2
200,7102,1,2
200,7547,1,2
200,6767,1,2
200,7071,1,2
200,7519,1,2
200,6758,1,2
200,7153,1,2
200,6826,1,2
200,7170,1,2
200,6761,1,2
200,7169,1,2
200,7394,1,2
200,7452,1,2
200,450,1,2
200,198,1,2
200,436,1,2
200,604,1,2
200,524,1,2
200,484,1,2
200,673,1,2
200,613,1,2
201,7260,0.99,2
201,7529,0.99,2
201,7428,0.99,2
201,7399,0.99,2
201,6947,0.99,2
201,7276,0.99,2
201,7524,0.99,2
201,7305,0.99,2
201,7686,0.99,2
201,7169,0.99,2
201,7394,0.99,2
201,7653,0.99,2
201,87,0.99,2
201,890,0.99,2
201,512,0.99,2
201,472,0.99,2
201,503,0.99,2
201,32,0.99,2
201,484,0.99,2
201,613,0.99,2
202,7658,0.75,2
202,6811,0.75,2
202,7434,0.75,2
202,7382,0.75,2
202,7084,0.75,2
202,7524,0.75,2
202,7092,0.75,2
202,6761,0.75,2
202,7169,0.75,2
202,7452,0.75,2
202,852,0.75,2
202,27,0.75,2
202,7013,0.75,2
202,709,0.75,2
202,752,0.75,2
202,391,0.75,2
202,129,0.75,2
202,484,0.75,2
202,762,0.75,2
203,6946,1,2
203,6966,1,2
203,7277,1,2
203,6934,1,2
203,7071,1,2
203,7382,1,2
203,6826,1,2
203,7686,1,2
203,7524,1,2
203,7239,1,2
203,6761,1,2
203,7169,1,2
203,7394,1,2
203,7452,1,2
203,359,1,2
203,436,1,2
203,524,1,2
204,7599,0.22,2
204,7282,0.22,2
204,7610,0.22,2
204,7329,0.22,2
204,6947,0.22,2
204,6843,0.22,2
204,6826,0.22,2
204,7153,0.22,2
204,7084,0.22,2
204,7169,0.22,2
204,7394,0.22,2
204,6961,0.22,2
204,359,0.22,2
204,484,0.22,2
204,12,0.22,2
204,673,0.22,2
204,523,0.22,2
205,6966,1,2
205,7282,1,2
205,7428,1,2
205,7102,1,2
205,6843,1,2
205,7332,1,2
205,7228,1,2
205,7524,1,2
205,7170,1,2
205,7084,1,2
205,6962,1,2
205,6761,1,2
205,7169,1,2
205,7394,1,2
205,614,1,2
205,359,1,2
205,436,1,2
205,572,1,2
205,904,1,2
205,925,1,2
205,273,1,2
205,607,1,2
205,275,1,2
205,506,1,2
205,484,1,2
206,7671,0.41,2
206,7120,0.41,2
206,6947,0.41,2
206,6843,0.41,2
206,6765,0.41,2
206,7302,0.41,2
206,7686,0.41,2
206,7256,0.41,2
206,6761,0.41,2
206,7169,0.41,2
206,7394,0.41,2
206,538,0.41,2
206,7013,0.41,2
206,893,0.41,2
206,484,0.41,2
206,725,0.41,2
206,333,0.41,2
207,7295,1,2
207,7102,1,2
207,7428,1,2
207,6947,1,2
207,6843,1,2
207,7382,1,2
207,6962,1,2
207,7170,1,2
207,7524,1,2
207,6761,1,2
207,7169,1,2
207,7394,1,2
207,825,1,2
207,7013,1,2
207,484,1,2
207,613,1,2
207,333,1,2
208,484,0.25,2
210,7399,0.11,2
210,7087,0.11,2
210,7276,0.11,2
210,7153,0.11,2
210,6826,0.11,2
210,7169,0.11,2
210,7394,0.11,2
210,7653,0.11,2
210,935,0.11,2
210,198,0.11,2
210,484,0.11,2
210,613,0.11,2
210,187,0.11,2
212,7120,0.19,2
212,6906,0.19,2
212,7399,0.19,2
212,6947,0.19,2
212,6962,0.19,2
212,7524,0.19,2
212,7375,0.19,2
212,6761,0.19,2
212,7169,0.19,2
212,7394,0.19,2
212,686,0.19,2
212,7013,0.19,2
214,7120,1,2
214,7671,1,2
214,6947,1,2
214,7524,1,2
214,7264,1,2
214,6761,1,2
214,7169,1,2
214,7394,1,2
214,728,1,2
214,7013,1,2
214,484,1,2
215,7102,1,2
215,6966,1,2
215,6946,1,2
215,6975,1,2
215,6764,1,2
215,7382,1,2
215,6928,1,2
215,7524,1,2
215,7153,1,2
215,7375,1,2
215,7170,1,2
215,6761,1,2
215,7169,1,2
215,7394,1,2
215,340,1,2
215,198,1,2
215,876,1,2
215,673,1,2
215,333,1,2
216,7159,1,2
216,7408,1,2
216,7153,1,2
216,7305,1,2
216,7686,1,2
216,6761,1,2
216,7169,1,2
216,7394,1,2
216,875,1,2
216,726,1,2
217,7671,0.84,2
217,7691,0.84,2
217,7346,0.84,2
217,7494,0.84,2
217,7391,0.84,2
217,7686,0.84,2
217,6826,0.84,2
217,7169,0.84,2
217,7394,0.84,2
217,7653,0.84,2
217,73,0.84,2
217,604,0.84,2
217,432,0.84,2
217,484,0.84,2
217,613,0.84,2
218,484,0,2
221,7176,1,2
221,7658,1,2
221,7428,1,2
221,6947,1,2
221,7399,1,2
221,7153,1,2
221,7190,1,2
221,6761,1,2
221,7394,1,2
221,7653,1,2
221,7013,1,2
221,859,1,2
221,297,1,2
221,956,1,2
221,392,1,2
221,940,1,2
221,543,1,2
221,406,1,2
221,876,1,2
221,613,1,2
222,6764,0.16,2
222,7060,0.16,2
222,6947,0.16,2
222,6843,0.16,2
222,7187,0.16,2
222,7524,0.16,2
222,7155,0.16,2
222,6761,0.16,2
222,7169,0.16,2
222,7394,0.16,2
222,359,0.16,2
222,920,0.16,2
222,613,0.16,2
222,187,0.16,2
225,6811,0.31,2
225,7260,0.31,2
225,6843,0.31,2
225,7187,0.31,2
225,6758,0.31,2
225,7524,0.31,2
225,7373,0.31,2
225,6761,0.31,2
225,7169,0.31,2
225,7394,0.31,2
225,359,0.31,2
225,523,0.31,2
225,613,0.31,2
225,333,0.31,2
226,6764,1,2
226,6954,1,2
226,6843,1,2
226,7209,1,2
226,6758,1,2
226,6826,1,2
226,7153,1,2
226,6761,1,2
226,7169,1,2
226,7394,1,2
226,199,1,2
226,7013,1,2
226,484,1,2
226,725,1,2
226,673,1,2
226,333,1,2
227,7260,0.24,2
227,7270,0.24,2
227,7428,0.24,2
227,6947,0.24,2
227,7399,0.24,2
227,7087,0.24,2
227,6756,0.24,2
227,7686,0.24,2
227,7524,0.24,2
227,6761,0.24,2
227,7169,0.24,2
227,7394,0.24,2
227,239,0.24,2
227,7013,0.24,2
227,604,0.24,2
227,339,0.24,2
227,484,0.24,2
227,613,0.24,2
229,484,0.02,2
229,12,0.02,2
233,7260,0.48,2
233,6946,0.48,2
233,7111,0.48,2
233,6947,0.48,2
233,7494,0.48,2
233,7686,0.48,2
233,7153,0.48,2
233,7083,0.48,2
233,6761,0.48,2
233,7169,0.48,2
233,7394,0.48,2
233,636,0.48,2
233,359,0.48,2
233,436,0.48,2
233,572,0.48,2
233,604,0.48,2
233,432,0.48,2
233,484,0.48,2
233,725,0.48,2
233,673,0.48,2
233,333,0.48,2
236,7260,0.6,2
236,7428,0.6,2
236,7112,0.6,2
236,6843,0.6,2
236,6765,0.6,2
236,7399,0.6,2
236,7155,0.6,2
236,7256,0.6,2
236,7153,0.6,2
236,6761,0.6,2
236,7169,0.6,2
236,7394,0.6,2
236,546,0.6,2
236,7013,0.6,2
236,280,0.6,2
236,484,0.6,2
236,613,0.6,2
236,333,0.6,2
237,6764,0.38,2
237,7101,0.38,2
237,7201,0.38,2
237,7003,0.38,2
237,7443,0.38,2
237,7170,0.38,2
237,7153,0.38,2
237,7369,0.38,2
237,6761,0.38,2
237,7169,0.38,2
237,7452,0.38,2
237,547,0.38,2
237,7013,0.38,2
238,7671,0.05,2
238,7120,0.05,2
238,6947,0.05,2
238,6843,0.05,2
238,7524,0.05,2
238,7084,0.05,2
238,6761,0.05,2
238,7169,0.05,2
238,7394,0.05,2
238,958,0.05,2
238,7013,0.05,2
239,7671,0.23,2
239,6764,0.23,2
239,7120,0.23,2
239,6947,0.23,2
239,7399,0.23,2
239,7153,0.23,2
239,6924,0.23,2
239,7686,0.23,2
239,6761,0.23,2
239,7169,0.23,2
239,7394,0.23,2
239,7013,0.23,2
239,484,0.23,2
240,6946,1,2
240,7260,1,2
240,7599,1,2
240,6843,1,2
240,7382,1,2
240,6947,1,2
240,6758,1,2
240,6826,1,2
240,7153,1,2
240,6761,1,2
240,7169,1,2
240,7394,1,2
240,7452,1,2
240,53,1,2
240,359,1,2
240,436,1,2
240,543,1,2
240,484,1,2
240,12,1,2
240,673,1,2
240,523,1,2
240,333,1,2
241,7496,0.27,2
241,6947,0.27,2
241,6843,0.27,2
241,7399,0.27,2
241,7153,0.27,2
241,7241,0.27,2
241,7686,0.27,2
241,6761,0.27,2
241,7169,0.27,2
241,800,0.27,2
241,7013,0.27,2
241,484,0.27,2
242,7671,0.07,2
242,6764,0.07,2
242,6947,0.07,2
242,6843,0.07,2
242,7155,0.07,2
242,6761,0.07,2
242,7169,0.07,2
242,7394,0.07,2
242,532,0.07,2
243,484,0.09,2
243,613,0.09,2
244,6966,0.15,2
244,7599,0.15,2
244,6947,0.15,2
244,7551,0.15,2
244,7153,0.15,2
244,7155,0.15,2
244,6761,0.15,2
244,7169,0.15,2
244,7394,0.15,2
244,359,0.15,2
244,920,0.15,2
244,465,0.15,2
244,484,0.15,2
244,725,0.15,2
244,12,0.15,2
244,673,0.15,2
244,333,0.15,2
245,7176,0.12,2
245,7428,0.12,2
245,7262,0.12,2
245,7336,0.12,2
245,7059,0.12,2
245,7084,0.12,2
245,7524,0.12,2
245,7337,0.12,2
245,6761,0.12,2
245,7169,0.12,2
245,7394,0.12,2
245,7452,0.12,2
245,762,0.12,2
246,7671,1,2
246,7181,1,2
246,7120,1,2
246,6765,1,2
246,6843,1,2
246,6947,1,2
246,7686,1,2
246,7524,1,2
246,6769,1,2
246,6761,1,2
246,7169,1,2
246,7394,1,2
246,955,1,2
246,7013,1,2
246,599,1,2
246,613,1,2
247,7680,0.5,2
247,7260,0.5,2
247,7498,0.5,2
247,6947,0.5,2
247,7399,0.5,2
247,7524,0.5,2
247,7153,0.5,2
247,6826,0.5,2
247,6761,0.5,2
247,7169,0.5,2
247,7394,0.5,2
247,198,0.5,2
247,21,0.5,2
247,146,0.5,2
247,484,0.5,2
247,613,0.5,2
248,6906,0.29,2
248,7120,0.29,2
248,6895,0.29,2
248,7399,0.29,2
248,6947,0.29,2
248,7087,0.29,2
248,7524,0.29,2
248,6756,0.29,2
248,6761,0.29,2
248,7394,0.29,2
248,7653,0.29,2
248,7013,0.29,2
248,21,0.29,2
248,484,0.29,2
248,613,0.29,2
249,613,0.03,2
254,6811,1,2
254,7260,1,2
254,6843,1,2
254,6758,1,2
254,7382,1,2
254,7153,1,2
254,6769,1,2
254,6761,1,2
254,7169,1,2
254,7394,1,2
254,374,1,2
254,198,1,2
254,920,1,2
254,572,1,2
254,578,1,2
254,838,1,2
254,677,1,2
254,565,1,2
254,571,1,2
254,725,1,2
254,673,1,2
254,333,1,2
255,7260,0.63,2
255,7428,0.63,2
255,6947,0.63,2
255,6843,0.63,2
255,7686,0.63,2
255,7524,0.63,2
255,6769,0.63,2
255,6761,0.63,2
255,7169,0.63,2
255,7394,0.63,2
255,88,0.63,2
255,7013,0.63,2
255,436,0.63,2
255,725,0.63,2
256,7260,0.25,2
256,6767,0.25,2
256,7428,0.25,2
256,6765,0.25,2
256,6947,0.25,2
256,7399,0.25,2
256,7155,0.25,2
256,7153,0.25,2
256,7524,0.25,2
256,6761,0.25,2
256,7169,0.25,2
256,7653,0.25,2
256,7013,0.25,2
256,484,0.25,2
256,613,0.25,2
258,7671,1,2
258,6764,1,2
258,7120,1,2
258,6765,1,2
258,6947,1,2
258,7399,1,2
258,6843,1,2
258,7155,1,2
258,7686,1,2
258,7241,1,2
258,6761,1,2
258,7169,1,2
258,7394,1,2
258,302,1,2
258,359,1,2
258,484,1,2
258,673,1,2
258,103,1,2
258,613,1,2
259,7478,0.92,2
259,6764,0.92,2
259,7671,0.92,2
259,6843,0.92,2
259,6758,0.92,2
259,6987,0.92,2
259,6826,0.92,2
259,7153,0.92,2
259,6905,0.92,2
259,6761,0.92,2
259,7169,0.92,2
259,7394,0.92,2
259,542,0.92,2
259,359,0.92,2
259,436,0.92,2
259,572,0.92,2
259,484,0.92,2
259,12,0.92,2
259,673,0.92,2
259,103,0.92,2
259,333,0.92,2
260,12,0.05,2
260,103,0.05,2
263,7357,0.18,2
263,6743,0.18,2
263,7111,0.18,2
263,6765,0.18,2
263,6947,0.18,2
263,7686,0.18,2
263,7256,0.18,2
263,6761,0.18,2
263,7169,0.18,2
263,7394,0.18,2
263,484,0.18,2
263,774,0.18,2
263,613,0.18,2
264,7599,0.62,2
264,7102,0.62,2
264,6946,0.62,2
264,7608,0.62,2
264,7332,0.62,2
264,6826,0.62,2
264,7686,0.62,2
264,7153,0.62,2
264,6761,0.62,2
264,7169,0.62,2
264,7394,0.62,2
264,7452,0.62,2
264,198,0.62,2
264,84,0.62,2
264,506,0.62,2
264,484,0.62,2
264,725,0.62,2
264,673,0.62,2
264,523,0.62,2
264,333,0.62,2
265,7599,1,2
265,6966,1,2
265,6934,1,2
265,7608,1,2
265,7332,1,2
265,7686,1,2
265,7153,1,2
265,6826,1,2
265,6761,1,2
265,7169,1,2
265,7394,1,2
265,359,1,2
265,18,1,2
265,572,1,2
265,604,1,2
265,465,1,2
265,360,1,2
265,543,1,2
265,941,1,2
265,506,1,2
265,389,1,2
265,484,1,2
265,837,1,2
265,12,1,2
265,673,1,2
265,523,1,2
265,664,1,2
265,333,1,2
266,7671,0.17,2
266,7263,0.17,2
266,7087,0.17,2
266,6947,0.17,2
266,6758,0.17,2
266,7241,0.17,2
266,6761,0.17,2
266,7169,0.17,2
266,7394,0.17,2
266,953,0.17,2
266,12,0.17,2
267,6946,0.16,2
267,6947,0.16,2
267,6765,0.16,2
267,7524,0.16,2
267,7155,0.16,2
267,6761,0.16,2
267,7169,0.16,2
267,7394,0.16,2
267,657,0.16,2
267,604,0.16,2
267,484,0.16,2
267,613,0.16,2
268,7671,0.21,2
268,7120,0.21,2
268,6947,0.21,2
268,6765,0.21,2
268,7399,0.21,2
268,7155,0.21,2
268,7169,0.21,2
268,7394,0.21,2
268,7653,0.21,2
268,587,0.21,2
268,7013,0.21,2
268,484,0.21,2
268,613,0.21,2
269,7671,0.53,2
269,7691,0.53,2
269,7120,0.53,2
269,6765,0.53,2
269,6947,0.53,2
269,7155,0.53,2
269,6788,0.53,2
269,6761,0.53,2
269,7169,0.53,2
269,7394,0.53,2
269,7013,0.53,2
269,236,0.53,2
269,484,0.53,2
269,613,0.53,2
270,6966,0.2,2
270,7428,0.2,2
270,6928,0.2,2
270,6741,0.2,2
270,7153,0.2,2
270,7524,0.2,2
270,6761,0.2,2
270,7169,0.2,2
270,7394,0.2,2
270,903,0.2,2
270,7013,0.2,2
270,920,0.2,2
271,7051,0.31,2
271,6765,0.31,2
271,7399,0.31,2
271,7153,0.31,2
271,7686,0.31,2
271,6761,0.31,2
271,7169,0.31,2
271,7394,0.31,2
271,448,0.31,2
271,613,0.31,2
272,7567,0.52,2
272,6764,0.52,2
272,6947,0.52,2
272,6765,0.52,2
272,7241,0.52,2
272,7575,0.52,2
272,7155,0.52,2
272,6761,0.52,2
272,7169,0.52,2
272,7394,0.52,2
272,198,0.52,2
272,613,0.52,2
273,7231,1,2
273,6966,1,2
273,7428,1,2
273,6843,1,2
273,6758,1,2
273,7187,1,2
273,6830,1,2
273,7575,1,2
273,7686,1,2
273,6761,1,2
273,7169,1,2
273,7394,1,2
273,359,1,2
273,436,1,2
273,572,1,2
273,484,1,2
273,725,1,2
273,673,1,2
273,333,1,2
274,7494,0.36,2
274,6947,0.36,2
274,6826,0.36,2
274,7084,0.36,2
274,7305,0.36,2
274,6761,0.36,2
274,7169,0.36,2
274,7394,0.36,2
274,139,0.36,2
274,198,0.36,2
274,604,0.36,2
274,432,0.36,2
274,613,0.36,2
275,6946,0.11,2
275,7176,0.11,2
275,6843,0.11,2
275,6928,0.11,2
275,6758,0.11,2
275,7382,0.11,2
275,7084,0.11,2
275,7524,0.11,2
275,7305,0.11,2
275,6761,0.11,2
275,7169,0.11,2
275,7452,0.11,2
275,7013,0.11,2
275,715,0.11,2
275,876,0.11,2
275,934,0.11,2
275,762,0.11,2
275,333,0.11,2
277,6764,1,2
277,6954,1,2
277,7051,1,2
277,6843,1,2
277,7187,1,2
277,7443,1,2
277,6924,1,2
277,7686,1,2
277,7256,1,2
277,6761,1,2
277,7169,1,2
277,7394,1,2
277,7013,1,2
277,572,1,2
277,12,1,2
277,673,1,2
277,103,1,2
277,613,1,2
277,333,1,2
280,6966,1,2
280,6946,1,2
280,7428,1,2
280,7102,1,2
280,7408,1,2
280,7071,1,2
280,7187,1,2
280,6826,1,2
280,7170,1,2
280,6761,1,2
280,7169,1,2
280,7394,1,2
280,7452,1,2
280,7013,1,2
280,18,1,2
280,572,1,2
280,604,1,2
280,595,1,2
280,524,1,2
280,339,1,2
280,840,1,2
281,6783,0.1,2
281,7393,0.1,2
281,6843,0.1,2
281,6758,0.1,2
281,7241,0.1,2
281,6761,0.1,2
281,7169,0.1,2
281,7394,0.1,2
281,943,0.1,2
281,484,0.1,2
281,333,0.1,2
282,7441,0.28,2
282,7428,0.28,2
282,6765,0.28,2
282,6947,0.28,2
282,7241,0.28,2
282,7524,0.28,2
282,7169,0.28,2
282,7394,0.28,2
282,7653,0.28,2
282,919,0.28,2
282,437,0.28,2
282,7013,0.28,2
282,484,0.28,2
283,6966,0.63,2
283,7260,0.63,2
283,7658,0.63,2
283,6947,0.63,2
283,7399,0.63,2
283,7471,0.63,2
283,7153,0.63,2
283,6769,0.63,2
283,7169,0.63,2
283,7394,0.63,2
283,7653,0.63,2
283,633,0.63,2
283,87,0.63,2
283,613,0.63,2
284,7270,1,2
284,6946,1,2
284,7428,1,2
284,6987,1,2
284,7524,1,2
284,6905,1,2
284,7314,1,2
284,7153,1,2
284,6761,1,2
284,7169,1,2
284,7394,1,2
284,929,1,2
284,87,1,2
284,604,1,2
284,107,1,2
284,146,1,2
284,339,1,2
284,613,1,2
285,6764,0.14,2
285,7178,0.14,2
285,6758,0.14,2
285,6826,0.14,2
285,7153,0.14,2
285,7155,0.14,2
285,6761,0.14,2
285,7169,0.14,2
285,7394,0.14,2
285,291,0.14,2
285,7013,0.14,2
285,604,0.14,2
285,465,0.14,2
285,484,0.14,2
285,725,0.14,2
285,12,0.14,2
285,673,0.14,2
286,6966,0.16,2
286,7428,0.16,2
286,7153,0.16,2
286,7190,0.16,2
286,7524,0.16,2
286,7169,0.16,2
286,7394,0.16,2
286,6961,0.16,2
286,359,0.16,2
286,941,0.16,2
286,506,0.16,2
286,523,0.16,2
286,333,0.16,2
287,6765,0.12,2
287,6947,0.12,2
287,6924,0.12,2
287,6761,0.12,2
287,7169,0.12,2
287,7394,0.12,2
287,110,0.12,2
287,198,0.12,2
287,604,0.12,2
287,484,0.12,2
288,7094,0.3,2
288,7120,0.3,2
288,7598,0.3,2
288,6843,0.3,2
288,6758,0.3,2
288,6947,0.3,2
288,7153,0.3,2
288,6748,0.3,2
288,6761,0.3,2
288,7169,0.3,2
288,7394,0.3,2
288,815,0.3,2
288,198,0.3,2
288,465,0.3,2
288,943,0.3,2
288,484,0.3,2
288,725,0.3,2
288,673,0.3,2
288,333,0.3,2
289,7671,1,2
289,6764,1,2
289,7120,1,2
289,6947,1,2
289,7399,1,2
289,7187,1,2
289,7153,1,2
289,6756,1,2
289,6761,1,2
289,7169,1,2
289,7653,1,2
289,7013,1,2
289,572,1,2
289,613,1,2
290,7496,0.21,2
290,6947,0.21,2
290,6843,0.21,2
290,7686,0.21,2
290,6924,0.21,2
290,7413,0.21,2
290,6761,0.21,2
290,7169,0.21,2
290,7394,0.21,2
290,484,0.21,2
291,6760,0.12,2
291,7120,0.12,2
291,6928,0.12,2
291,7487,0.12,2
291,7524,0.12,2
291,6761,0.12,2
291,7169,0.12,2
291,7394,0.12,2
291,645,0.12,2
291,198,0.12,2
291,333,0.12,2
294,6764,1,2
294,7671,1,2
294,7120,1,2
294,6843,1,2
294,7382,1,2
294,6758,1,2
294,7087,1,2
294,7153,1,2
294,7264,1,2
294,6761,1,2
294,7169,1,2
294,7394,1,2
294,7452,1,2
294,359,1,2
294,436,1,2
294,94,1,2
294,673,1,2
294,333,1,2
295,7428,1,2
295,6745,1,2
295,6840,1,2
295,6843,1,2
295,7187,1,2
295,7155,1,2
295,7401,1,2
295,6761,1,2
295,7169,1,2
295,7394,1,2
295,510,1,2
295,7013,1,2
295,484,1,2
295,12,1,2
296,7528,0.36,2
296,6906,0.36,2
296,6947,0.36,2
296,7399,0.36,2
296,7524,0.36,2
296,7153,0.36,2
296,6761,0.36,2
296,7394,0.36,2
296,7653,0.36,2
296,473,0.36,2
296,613,0.36,2
298,7512,0.58,2
298,7671,0.58,2
298,6912,0.58,2
298,7399,0.58,2
298,6947,0.58,2
298,7686,0.58,2
298,7190,0.58,2
298,7304,0.58,2
298,6761,0.58,2
298,7169,0.58,2
298,7394,0.58,2
298,7013,0.58,2
298,604,0.58,2
298,432,0.58,2
298,339,0.58,2
298,484,0.58,2
298,613,0.58,2
301,6767,0.58,2
301,6946,0.58,2
301,7658,0.58,2
301,6947,0.58,2
301,6987,0.58,2
301,6843,0.58,2
301,7524,0.58,2
301,7083,0.58,2
301,6761,0.58,2
301,7169,0.58,2
301,7394,0.58,2
301,484,0.58,2
302,6946,0.27,2
302,7176,0.27,2
302,6780,0.27,2
302,7524,0.27,2
302,6756,0.27,2
302,6761,0.27,2
302,7394,0.27,2
302,7452,0.27,2
302,198,0.27,2
302,876,0.27,2
303,6811,0.57,2
303,6946,0.57,2
303,7176,0.57,2
303,7529,0.57,2
303,6928,0.57,2
303,7524,0.57,2
303,6756,0.57,2
303,7256,0.57,2
303,6761,0.57,2
303,7169,0.57,2
303,7394,0.57,2
303,7452,0.57,2
303,763,0.57,2
303,7013,0.57,2
303,127,0.57,2
303,876,0.57,2
303,673,0.57,2
303,835,0.57,2
303,333,0.57,2
305,7260,0.18,2
305,7428,0.18,2
305,6765,0.18,2
305,7399,0.18,2
305,6843,0.18,2
305,7575,0.18,2
305,7170,0.18,2
305,6761,0.18,2
305,7169,0.18,2
305,7394,0.18,2
305,496,0.18,2
305,7013,0.18,2
305,436,0.18,2
305,484,0.18,2
305,613,0.18,2
307,7132,1,2
307,7303,1,2
307,6966,1,2
307,7428,1,2
307,7382,1,2
307,7153,1,2
307,7264,1,2
307,6761,1,2
307,7169,1,2
307,7394,1,2
307,198,1,2
307,592,1,2
307,157,1,2
307,658,1,2
307,454,1,2
307,391,1,2
307,543,1,2
307,13,1,2
307,245,1,2
307,673,1,2
309,6966,0.63,2
309,7428,0.63,2
309,7102,0.63,2
309,6843,0.63,2
309,7209,0.63,2
309,6947,0.63,2
309,7153,0.63,2
309,6826,0.63,2
309,6761,0.63,2
309,7169,0.63,2
309,7394,0.63,2
309,359,0.63,2
309,436,0.63,2
309,465,0.63,2
309,673,0.63,2
309,333,0.63,2
310,943,0.1,2
310,613,0.1,2
311,6912,1,2
311,6764,1,2
311,7145,1,2
311,6843,1,2
311,7187,1,2
311,7382,1,2
311,6826,1,2
311,7241,1,2
311,7153,1,2
311,6761,1,2
311,7169,1,2
311,7394,1,2
311,7452,1,2
311,198,1,2
311,354,1,2
311,280,1,2
311,673,1,2
311,333,1,2
312,7545,1,2
312,7428,1,2
312,7393,1,2
312,6947,1,2
312,7686,1,2
312,7155,1,2
312,6788,1,2
312,6761,1,2
312,7169,1,2
312,7394,1,2
312,764,1,2
312,159,1,2
312,198,1,2
312,613,1,2
314,6972,0.18,2
314,6928,0.18,2
314,6826,0.18,2
314,7264,0.18,2
314,7241,0.18,2
314,6761,0.18,2
314,7169,0.18,2
314,7452,0.18,2
314,198,0.18,2
314,333,0.18,2
315,7120,1,2
315,7691,1,2
315,7671,1,2
315,6765,1,2
315,7399,1,2
315,7155,1,2
315,7256,1,2
315,7153,1,2
315,6761,1,2
315,7169,1,2
315,7394,1,2
315,274,1,2
315,198,1,2
315,12,1,2
315,613,1,2
315,333,1,2
317,7650,0.22,2
317,6946,0.22,2
317,6966,0.22,2
317,7382,0.22,2
317,6874,0.22,2
317,7305,0.22,2
317,7190,0.22,2
317,6761,0.22,2
317,7169,0.22,2
317,7452,0.22,2
317,198,0.22,2
317,592,0.22,2
317,589,0.22,2
317,705,0.22,2
317,543,0.22,2
317,784,0.22,2
317,734,0.22,2
317,93,0.22,2
317,524,0.22,2
317,487,0.22,2
317,187,0.22,2
318,7632,0.82,2
318,7178,0.82,2
318,7671,0.82,2
318,6843,0.82,2
318,7209,0.82,2
318,7382,0.82,2
318,7153,0.82,2
318,6962,0.82,2
318,7169,0.82,2
318,7394,0.82,2
318,7452,0.82,2
318,644,0.82,2
318,359,0.82,2
318,436,0.82,2
318,329,0.82,2
318,201,0.82,2
318,358,0.82,2
318,492,0.82,2
318,213,0.82,2
318,484,0.82,2
319,6764,0.73,2
319,7632,0.73,2
319,7507,0.73,2
319,7382,0.73,2
319,6769,0.73,2
319,7153,0.73,2
319,6761,0.73,2
319,7169,0.73,2
319,7394,0.73,2
319,531,0.73,2
319,359,0.73,2
319,436,0.73,2
319,673,0.73,2
319,333,0.73,2
320,6966,0.97,2
320,7549,0.97,2
320,6946,0.97,2
320,7071,0.97,2
320,6928,0.97,2
320,6947,0.97,2
320,7686,0.97,2
320,7575,0.97,2
320,6826,0.97,2
320,7153,0.97,2
320,6761,0.97,2
320,7169,0.97,2
320,7394,0.97,2
320,101,0.97,2
320,7013,0.97,2
320,436,0.97,2
320,543,0.97,2
320,93,0.97,2
320,524,0.97,2
320,484,0.97,2
320,837,0.97,2
320,187,0.97,2
320,333,0.97,2
321,7060,1,2
321,7671,1,2
321,7638,1,2
321,7408,1,2
321,6947,1,2
321,7399,1,2
321,7079,1,2
321,7686,1,2
321,7190,1,2
321,7153,1,2
321,6761,1,2
321,7169,1,2
321,7394,1,2
321,285,1,2
321,87,1,2
321,572,1,2
321,484,1,2
321,613,1,2
324,7260,1,2
324,7680,1,2
324,7458,1,2
324,6947,1,2
324,6765,1,2
324,7155,1,2
324,7524,1,2
324,6819,1,2
324,6761,1,2
324,7169,1,2
324,7394,1,2
324,158,1,2
324,47,1,2
324,359,1,2
324,146,1,2
324,484,1,2
324,613,1,2
325,613,0.05,2
326,7428,0.34,2
326,6765,0.34,2
326,6947,0.34,2
326,6843,0.34,2
326,7256,0.34,2
326,6924,0.34,2
326,7686,0.34,2
326,6761,0.34,2
326,7169,0.34,2
326,7394,0.34,2
326,880,0.34,2
326,7013,0.34,2
326,484,0.34,2
327,7260,0.22,2
327,7282,0.22,2
327,6843,0.22,2
327,6758,0.22,2
327,6947,0.22,2
327,6826,0.22,2
327,7524,0.22,2
327,7153,0.22,2
327,6761,0.22,2
327,7169,0.22,2
327,7394,0.22,2
327,359,0.22,2
327,484,0.22,2
328,7260,0.07,2
328,6947,0.07,2
328,7471,0.07,2
328,7264,0.07,2
328,6761,0.07,2
328,7169,0.07,2
328,7394,0.07,2
328,782,0.07,2
328,7013,0.07,2
328,484,0.07,2
328,613,0.07,2
329,6764,0.07,2
329,7120,0.07,2
329,6765,0.07,2
329,6947,0.07,2
329,7399,0.07,2
329,7471,0.07,2
329,7241,0.07,2
329,6761,0.07,2
329,7169,0.07,2
329,7394,0.07,2
329,474,0.07,2
329,432,0.07,2
329,328,0.07,2
330,6946,0.58,2
330,7102,0.58,2
330,7428,0.58,2
330,6947,0.58,2
330,7153,0.58,2
330,6826,0.58,2
330,6788,0.58,2
330,6761,0.58,2
330,7169,0.58,2
330,7394,0.58,2
330,49,0.58,2
330,7013,0.58,2
330,592,0.58,2
330,572,0.58,2
330,604,0.58,2
330,484,0.58,2
331,7671,1,2
331,6784,1,2
331,7120,1,2
331,6947,1,2
331,7399,1,2
331,6843,1,2
331,7153,1,2
331,7686,1,2
331,6761,1,2
331,7169,1,2
331,7394,1,2
331,49,1,2
331,359,1,2
331,18,1,2
331,484,1,2
331,613,1,2
332,6966,1,2
332,7599,1,2
332,7102,1,2
332,7382,1,2
332,7214,1,2
332,6826,1,2
332,6761,1,2
332,7169,1,2
332,7394,1,2
332,668,1,2
332,359,1,2
332,920,1,2
332,572,1,2
332,707,1,2
332,391,1,2
332,913,1,2
332,429,1,2
332,434,1,2
332,465,1,2
332,216,1,2
332,506,1,2
332,484,1,2
332,184,1,2
332,673,1,2
332,333,1,2
333,7671,0.19,2
333,7173,0.19,2
333,7120,0.19,2
333,6947,0.19,2
333,7399,0.19,2
333,7084,0.19,2
333,7686,0.19,2
333,7153,0.19,2
333,6761,0.19,2
333,7169,0.19,2
333,7394,0.19,2
333,225,0.19,2
333,726,0.19,2
333,7013,0.19,2
333,572,0.19,2
334,6966,1,2
334,7428,1,2
334,6946,1,2
334,6843,1,2
334,7382,1,2
334,7187,1,2
334,7153,1,2
334,7170,1,2
334,7524,1,2
334,6761,1,2
334,7169,1,2
334,7394,1,2
334,326,1,2
334,159,1,2
334,198,1,2
334,18,1,2
334,943,1,2
334,484,1,2
334,673,1,2
334,333,1,2
335,6966,1,2
335,6946,1,2
335,7102,1,2
335,7165,1,2
335,7382,1,2
335,7153,1,2
335,7618,1,2
335,7155,1,2
335,6761,1,2
335,7169,1,2
335,7394,1,2
335,7452,1,2
335,359,1,2
335,673,1,2
335,523,1,2
336,6946,0.34,2
336,7282,0.34,2
336,7599,0.34,2
336,6843,0.34,2
336,7382,0.34,2
336,6758,0.34,2
336,7153,0.34,2
336,7305,0.34,2
336,7084,0.34,2
336,6761,0.34,2
336,7169,0.34,2
336,7394,0.34,2
336,7452,0.34,2
336,605,0.34,2
336,359,0.34,2
336,592,0.34,2
336,484,0.34,2
336,333,0.34,2
338,6767,1,2
338,7260,1,2
338,7282,1,2
338,6947,1,2
338,7153,1,2
338,6761,1,2
338,7169,1,2
338,7394,1,2
338,483,1,2
338,359,1,2
338,565,1,2
338,83,1,2
338,925,1,2
338,307,1,2
338,181,1,2
338,236,1,2
338,543,1,2
338,484,1,2
338,837,1,2
338,12,1,2
338,673,1,2
338,333,1,2
339,7428,0.42,2
339,6947,0.42,2
339,6765,0.42,2
339,7399,0.42,2
339,7155,0.42,2
339,7524,0.42,2
339,7169,0.42,2
339,7394,0.42,2
339,7653,0.42,2
339,532,0.42,2
339,7013,0.42,2
339,613,0.42,2
340,484,0.04,2
340,333,0.04,2
341,7260,0.27,2
341,6966,0.27,2
341,7599,0.27,2
341,7382,0.27,2
341,6748,0.27,2
341,7600,0.27,2
341,6761,0.27,2
341,7169,0.27,2
341,7394,0.27,2
341,7452,0.27,2
341,23,0.27,2
341,198,0.27,2
341,920,0.27,2
341,572,0.27,2
341,725,0.27,2
341,664,0.27,2
341,333,0.27,2
342,7671,0.47,2
342,7120,0.47,2
342,7186,0.47,2
342,6947,0.47,2
342,7399,0.47,2
342,6843,0.47,2
342,7153,0.47,2
342,7686,0.47,2
342,7241,0.47,2
342,6761,0.47,2
342,7169,0.47,2
342,7394,0.47,2
342,488,0.47,2
342,7013,0.47,2
342,136,0.47,2
342,566,0.47,2
342,484,0.47,2
342,12,0.47,2
342,613,0.47,2
343,7120,0.1,2
343,7671,0.1,2
343,6765,0.1,2
343,7399,0.1,2
343,6843,0.1,2
343,7241,0.1,2
343,7686,0.1,2
343,7155,0.1,2
343,6761,0.1,2
343,7169,0.1,2
343,7394,0.1,2
343,115,0.1,2
343,359,0.1,2
344,7428,0.43,2
344,6823,0.43,2
344,6945,0.43,2
344,7524,0.43,2
344,7170,0.43,2
344,7084,0.43,2
344,6761,0.43,2
344,7169,0.43,2
344,7013,0.43,2
345,339,0,2
346,7499,0.14,2
346,7120,0.14,2
346,6947,0.14,2
346,7399,0.14,2
346,7686,0.14,2
346,7153,0.14,2
346,7169,0.14,2
346,7394,0.14,2
346,7653,0.14,2
346,87,0.14,2
346,604,0.14,2
346,472,0.14,2
346,456,0.14,2
346,344,0.14,2
346,484,0.14,2
346,613,0.14,2
347,7120,0.75,2
347,7512,0.75,2
347,6947,0.75,2
347,7399,0.75,2
347,7626,0.75,2
347,6756,0.75,2
347,7169,0.75,2
347,7394,0.75,2
347,7653,0.75,2
347,196,0.75,2
347,613,0.75,2
348,6946,0.96,2
348,7599,0.96,2
348,7428,0.96,2
348,7165,0.96,2
348,7382,0.96,2
348,7190,0.96,2
348,7170,0.96,2
348,7686,0.96,2
348,7153,0.96,2
348,6761,0.96,2
348,7169,0.96,2
348,7394,0.96,2
348,359,0.96,2
348,18,0.96,2
348,484,0.96,2
349,6946,0.89,2
349,7260,0.89,2
349,7599,0.89,2
349,6843,0.89,2
349,7187,0.89,2
349,7443,0.89,2
349,7153,0.89,2
349,7084,0.89,2
349,7170,0.89,2
349,6761,0.89,2
349,7169,0.89,2
349,7394,0.89,2
349,87,0.89,2
349,436,0.89,2
349,634,0.89,2
349,604,0.89,2
349,484,0.89,2
350,6814,0.18,2
350,6812,0.18,2
350,6966,0.18,2
350,7165,0.18,2
350,6826,0.18,2
350,6976,0.18,2
350,6761,0.18,2
350,7169,0.18,2
350,7452,0.18,2
350,359,0.18,2
350,436,0.18,2
351,7282,1,2
351,6946,1,2
351,6966,1,2
351,7165,1,2
351,7382,1,2
351,7071,1,2
351,7383,1,2
351,6826,1,2
351,7461,1,2
351,7239,1,2
351,6761,1,2
351,7169,1,2
351,7452,1,2
351,87,1,2
351,436,1,2
354,6966,1,2
354,7599,1,2
354,7099,1,2
354,7382,1,2
354,7071,1,2
354,7165,1,2
354,7443,1,2
354,7153,1,2
354,7686,1,2
354,7524,1,2
354,6761,1,2
354,7169,1,2
354,7394,1,2
354,7452,1,2
354,44,1,2
354,359,1,2
354,592,1,2
354,93,1,2
354,524,1,2
354,182,1,2
355,7260,0.06,2
355,7680,0.06,2
355,6946,0.06,2
355,7494,0.06,2
355,6947,0.06,2
355,7399,0.06,2
355,6826,0.06,2
355,7524,0.06,2
355,7686,0.06,2
355,6761,0.06,2
355,7169,0.06,2
355,7394,0.06,2
355,7653,0.06,2
355,7013,0.06,2
355,604,0.06,2
355,613,0.06,2
356,7547,0.21,2
356,7260,0.21,2
356,7494,0.21,2
356,7153,0.21,2
356,7190,0.21,2
356,7394,0.21,2
356,7653,0.21,2
356,87,0.21,2
356,604,0.21,2
356,432,0.21,2
356,107,0.21,2
356,613,0.21,2
357,7179,0.23,2
357,7428,0.23,2
357,6947,0.23,2
357,7256,0.23,2
357,7686,0.23,2
357,6732,0.23,2
357,6761,0.23,2
357,7169,0.23,2
357,7394,0.23,2
357,907,0.23,2
357,7013,0.23,2
357,484,0.23,2
359,7102,1,2
359,6767,1,2
359,6966,1,2
359,6843,1,2
359,7209,1,2
359,6742,1,2
359,6826,1,2
359,6761,1,2
359,7169,1,2
359,7394,1,2
359,7013,1,2
359,18,1,2
359,534,1,2
359,604,1,2
359,465,1,2
359,941,1,2
359,68,1,2
359,328,1,2
359,339,1,2
359,563,1,2
359,673,1,2
359,333,1,2
360,6764,0.17,2
360,7671,0.17,2
360,6947,0.17,2
360,6843,0.17,2
360,6758,0.17,2
360,7256,0.17,2
360,7686,0.17,2
360,7618,0.17,2
360,7169,0.17,2
360,7394,0.17,2
360,7452,0.17,2
360,831,0.17,2
360,359,0.17,2
360,18,0.17,2
360,484,0.17,2
360,333,0.17,2
361,7260,0.29,2
361,7428,0.29,2
361,7549,0.29,2
361,6947,0.29,2
361,7399,0.29,2
361,7686,0.29,2
361,7153,0.29,2
361,7169,0.29,2
361,7394,0.29,2
361,7653,0.29,2
361,145,0.29,2
361,484,0.29,2
361,613,0.29,2
362,7260,0.17,2
362,7428,0.17,2
362,6907,0.17,2
362,6843,0.17,2
362,7399,0.17,2
362,6765,0.17,2
362,7256,0.17,2
362,6761,0.17,2
362,7169,0.17,2
362,7394,0.17,2
362,7013,0.17,2
362,613,0.17,2
362,187,0.17,2
363,7671,0.98,2
363,7120,0.98,2
363,6912,0.98,2
363,6947,0.98,2
363,6765,0.98,2
363,7399,0.98,2
363,6843,0.98,2
363,7155,0.98,2
363,6788,0.98,2
363,7524,0.98,2
363,6761,0.98,2
363,7169,0.98,2
363,7394,0.98,2
363,7013,0.98,2
363,484,0.98,2
363,613,0.98,2
364,6764,0.12,2
364,6954,0.12,2
364,6765,0.12,2
364,6947,0.12,2
364,7399,0.12,2
364,6962,0.12,2
364,7155,0.12,2
364,7686,0.12,2
364,6761,0.12,2
364,7169,0.12,2
364,7394,0.12,2
364,55,0.12,2
364,7013,0.12,2
364,484,0.12,2
364,12,0.12,2
366,7260,0.6,2
366,7428,0.6,2
366,6765,0.6,2
366,6947,0.6,2
366,6843,0.6,2
366,7302,0.6,2
366,7241,0.6,2
366,7153,0.6,2
366,6761,0.6,2
366,7169,0.6,2
366,7394,0.6,2
366,639,0.6,2
366,7013,0.6,2
366,604,0.6,2
366,484,0.6,2
366,12,0.6,2
367,288,0.12,2
368,6946,0.43,2
368,6863,0.43,2
368,6741,0.43,2
368,6826,0.43,2
368,7218,0.43,2
368,6756,0.43,2
368,7241,0.43,2
368,6761,0.43,2
368,7169,0.43,2
368,7394,0.43,2
368,7013,0.43,2
368,810,0.43,2
368,333,0.43,2
369,6966,0.28,2
369,7102,0.28,2
369,6934,0.28,2
369,7332,0.28,2
369,7382,0.28,2
369,7471,0.28,2
369,7241,0.28,2
369,7287,0.28,2
369,6761,0.28,2
369,7169,0.28,2
369,7394,0.28,2
369,7452,0.28,2
369,359,0.28,2
369,18,0.28,2
369,572,0.28,2
369,465,0.28,2
369,506,0.28,2
369,673,0.28,2
369,523,0.28,2
370,7103,0.09,2
370,7118,0.09,2
370,7399,0.09,2
370,7087,0.09,2
370,6947,0.09,2
370,7155,0.09,2
370,7524,0.09,2
370,6761,0.09,2
370,7394,0.09,2
370,7013,0.09,2
370,613,0.09,2
371,7260,0.17,2
371,7649,0.17,2
371,6947,0.17,2
371,7399,0.17,2
371,7241,0.17,2
371,7153,0.17,2
371,7084,0.17,2
371,6761,0.17,2
371,7169,0.17,2
371,7653,0.17,2
371,613,0.17,2
372,7260,0.15,2
372,6767,0.15,2
372,7428,0.15,2
372,6947,0.15,2
372,7332,0.15,2
372,7153,0.15,2
372,7155,0.15,2
372,6761,0.15,2
372,7169,0.15,2
372,7394,0.15,2
372,422,0.15,2
372,572,0.15,2
372,484,0.15,2
372,333,0.15,2
373,7260,0.15,2
373,7512,0.15,2
373,6765,0.15,2
373,6947,0.15,2
373,7087,0.15,2
373,7686,0.15,2
373,7241,0.15,2
373,6761,0.15,2
373,7394,0.15,2
373,7653,0.15,2
373,921,0.15,2
373,7013,0.15,2
373,484,0.15,2
373,613,0.15,2
374,7494,0.22,2
374,7407,0.22,2
374,7524,0.22,2
374,6761,0.22,2
374,7394,0.22,2
374,613,0.22,2
376,7270,0.67,2
376,7540,0.67,2
376,6946,0.67,2
376,7382,0.67,2
376,6947,0.67,2
376,7524,0.67,2
376,6905,0.67,2
376,7155,0.67,2
376,6761,0.67,2
376,7169,0.67,2
376,7452,0.67,2
376,929,0.67,2
376,87,0.67,2
376,436,0.67,2
376,604,0.67,2
376,125,0.67,2
376,565,0.67,2
376,391,0.67,2
376,107,0.67,2
376,146,0.67,2
376,484,0.67,2
376,613,0.67,2
377,6966,0.24,2
377,7489,0.24,2
377,7102,0.24,2
377,6843,0.24,2
377,7382,0.24,2
377,6947,0.24,2
377,6758,0.24,2
377,7524,0.24,2
377,7170,0.24,2
377,6761,0.24,2
377,7169,0.24,2
377,7394,0.24,2
377,7452,0.24,2
377,7013,0.24,2
377,604,0.24,2
377,484,0.24,2
377,523,0.24,2
378,484,0.07,2
379,6856,0.27,2
379,6946,0.27,2
379,6741,0.27,2
379,6928,0.27,2
379,6826,0.27,2
379,7575,0.27,2
379,7413,0.27,2
379,6761,0.27,2
379,7169,0.27,2
379,7394,0.27,2
379,359,0.27,2
379,592,0.27,2
379,54,0.27,2
379,484,0.27,2
379,673,0.27,2
379,333,0.27,2
380,6764,1,2
380,7011,1,2
380,6954,1,2
380,7408,1,2
380,7198,1,2
380,7115,1,2
380,7153,1,2
380,7190,1,2
380,6761,1,2
380,7169,1,2
380,7394,1,2
380,16,1,2
380,7013,1,2
380,208,1,2
380,849,1,2
380,240,1,2
380,550,1,2
380,157,1,2
380,595,1,2
381,6764,0.84,2
381,7507,0.84,2
381,7060,0.84,2
381,7376,0.84,2
381,7071,0.84,2
381,7155,0.84,2
381,7170,0.84,2
381,6761,0.84,2
381,7169,0.84,2
381,7394,0.84,2
381,7013,0.84,2
381,18,0.84,2
381,134,0.84,2
381,484,0.84,2
382,7260,0.45,2
382,7680,0.45,2
382,6947,0.45,2
382,7399,0.45,2
382,7087,0.45,2
382,7524,0.45,2
382,7430,0.45,2
382,6761,0.45,2
382,7169,0.45,2
382,7394,0.45,2
382,822,0.45,2
382,7013,0.45,2
382,339,0.45,2
382,484,0.45,2
382,613,0.45,2
384,6764,0.18,2
384,6912,0.18,2
384,7376,0.18,2
384,7201,0.18,2
384,6761,0.18,2
384,7169,0.18,2
385,7102,1,2
385,7260,1,2
385,6947,1,2
385,7399,1,2
385,6843,1,2
385,7302,1,2
385,6761,1,2
385,7169,1,2
385,7394,1,2
385,72,1,2
385,359,1,2
385,572,1,2
386,7260,1,2
386,7428,1,2
386,6947,1,2
386,6843,1,2
386,6765,1,2
386,7241,1,2
386,7305,1,2
386,7575,1,2
386,6769,1,2
386,6761,1,2
386,7169,1,2
386,7394,1,2
386,248,1,2
386,359,1,2
387,6966,0.5,2
387,6946,0.5,2
387,7282,0.5,2
387,7382,0.5,2
387,7165,0.5,2
387,6758,0.5,2
387,7645,0.5,2
387,6821,0.5,2
387,6761,0.5,2
387,7169,0.5,2
387,7452,0.5,2
387,7013,0.5,2
387,543,0.5,2
387,524,0.5,2
387,673,0.5,2
389,7120,0.18,2
389,6895,0.18,2
389,6947,0.18,2
389,7399,0.18,2
389,7087,0.18,2
389,7524,0.18,2
389,7686,0.18,2
389,7169,0.18,2
389,7394,0.18,2
389,7653,0.18,2
389,119,0.18,2
389,4,0.18,2
389,313,0.18,2
389,812,0.18,2
389,865,0.18,2
389,269,0.18,2
389,484,0.18,2
389,613,0.18,2
391,7267,0.06,2
391,6744,0.06,2
391,6928,0.06,2
391,6843,0.06,2
391,7155,0.06,2
391,7256,0.06,2
391,6761,0.06,2
391,7394,0.06,2
391,121,0.06,2
391,113,0.06,2
391,821,0.06,2
391,339,0.06,2
391,187,0.06,2
392,6946,0.1,2
392,7549,0.1,2
392,6975,0.1,2
392,7111,0.1,2
392,7382,0.1,2
392,6874,0.1,2
392,6947,0.1,2
392,7153,0.1,2
392,7686,0.1,2
392,7375,0.1,2
392,7256,0.1,2
392,6761,0.1,2
392,7169,0.1,2
392,7394,0.1,2
392,7452,0.1,2
392,198,0.1,2
392,436,0.1,2
392,484,0.1,2
394,7270,0.39,2
394,7440,0.39,2
394,7350,0.39,2
394,7382,0.39,2
394,7153,0.39,2
394,6761,0.39,2
394,7169,0.39,2
394,7394,0.39,2
394,75,0.39,2
394,7013,0.39,2
394,920,0.39,2
394,250,0.39,2
394,391,0.39,2
394,904,0.39,2
394,925,0.39,2
394,104,0.39,2
394,333,0.39,2
395,7671,1,2
395,6764,1,2
395,7120,1,2
395,6947,1,2
395,7399,1,2
395,6765,1,2
395,6830,1,2
395,7575,1,2
395,6905,1,2
395,6761,1,2
395,7169,1,2
395,7394,1,2
395,883,1,2
395,7013,1,2
395,484,1,2
395,613,1,2
396,6947,0.11,2
396,7575,0.11,2
396,7037,0.11,2
396,7305,0.11,2
396,6761,0.11,2
396,7169,0.11,2
396,724,0.11,2
396,359,0.11,2
396,484,0.11,2
396,333,0.11,2
397,7260,1,2
397,6966,1,2
397,6745,1,2
397,6843,1,2
397,7209,1,2
397,6840,1,2
397,7686,1,2
397,7524,1,2
397,7170,1,2
397,7153,1,2
397,6761,1,2
397,7169,1,2
397,7394,1,2
397,305,1,2
397,198,1,2
397,920,1,2
397,673,1,2
397,333,1,2
398,484,0.07,2
398,613,0.07,2
398,333,0.07,2
399,7274,0.15,2
399,7470,0.15,2
399,6946,0.15,2
399,6928,0.15,2
399,7417,0.15,2
399,7375,0.15,2
399,6756,0.15,2
399,6761,0.15,2
399,7169,0.15,2
399,7394,0.15,2
399,570,0.15,2
399,7013,0.15,2
399,93,0.15,2
399,113,0.15,2
399,339,0.15,2
399,673,0.15,2
399,187,0.15,2
399,333,0.15,2
400,6984,1,2
400,7123,1,2
400,7399,1,2
400,7408,1,2
400,7084,1,2
400,6761,1,2
400,7169,1,2
400,7394,1,2
400,651,1,2
400,87,1,2
400,604,1,2
400,659,1,2
400,856,1,2
400,391,1,2
400,124,1,2
400,223,1,2
400,146,1,2
400,613,1,2
401,484,0.07,2
402,484,0,2
404,613,0.03,2
405,7671,0.79,2
405,7389,0.79,2
405,6954,0.79,2
405,6947,0.79,2
405,7494,0.79,2
405,7686,0.79,2
405,7153,0.79,2
405,7524,0.79,2
405,6761,0.79,2
405,7169,0.79,2
405,7394,0.79,2
405,689,0.79,2
405,7013,0.79,2
405,613,0.79,2
408,465,0,2
410,234,0.07,2
412,7420,1,2
412,6767,1,2
412,6975,1,2
412,7382,1,2
412,7071,1,2
412,7165,1,2
412,7519,1,2
412,6843,1,2
412,7569,1,2
412,7155,1,2
412,7153,1,2
412,7190,1,2
412,6761,1,2
412,7169,1,2
412,7394,1,2
412,7013,1,2
412,436,1,2
412,524,1,2
412,146,1,2
412,673,1,2
415,6997,0.54,2
415,6765,0.54,2
415,6947,0.54,2
415,7256,0.54,2
415,7394,0.54,2
415,7653,0.54,2
415,67,0.54,2
415,7013,0.54,2
415,943,0.54,2
415,484,0.54,2
415,613,0.54,2
417,7545,0.45,2
417,6947,0.45,2
417,7399,0.45,2
417,6843,0.45,2
417,7575,0.45,2
417,7314,0.45,2
417,7256,0.45,2
417,6761,0.45,2
417,7169,0.45,2
417,7394,0.45,2
417,952,0.45,2
417,7013,0.45,2
417,484,0.45,2
417,613,0.45,2
418,7632,0.12,2
418,7120,0.12,2
418,6843,0.12,2
418,7165,0.12,2
418,7153,0.12,2
418,7305,0.12,2
418,7169,0.12,2
418,7394,0.12,2
418,537,0.12,2
418,359,0.12,2
418,436,0.12,2
418,93,0.12,2
418,524,0.12,2
418,523,0.12,2
418,187,0.12,2
419,484,0.07,2
420,6966,0.09,2
420,7332,0.09,2
420,6947,0.09,2
420,6826,0.09,2
420,7686,0.09,2
420,7256,0.09,2
420,6761,0.09,2
420,7169,0.09,2
420,7394,0.09,2
420,359,0.09,2
420,484,0.09,2
420,725,0.09,2
420,12,0.09,2
420,673,0.09,2
420,523,0.09,2
420,333,0.09,2
421,6764,1,2
421,7178,1,2
421,7051,1,2
421,6843,1,2
421,6758,1,2
421,6947,1,2
421,7524,1,2
421,7241,1,2
421,7153,1,2
421,6761,1,2
421,7169,1,2
421,7394,1,2
421,31,1,2
421,359,1,2
421,484,1,2
421,673,1,2
421,523,1,2
421,333,1,2
422,7671,0.17,2
422,6912,0.17,2
422,6947,0.17,2
422,7399,0.17,2
422,6843,0.17,2
422,6924,0.17,2
422,7256,0.17,2
422,6761,0.17,2
422,7169,0.17,2
422,7394,0.17,2
422,960,0.17,2
422,359,0.17,2
422,484,0.17,2
422,12,0.17,2
422,613,0.17,2
422,333,0.17,2
423,6946,0.23,2
423,6808,0.23,2
423,6765,0.23,2
423,7399,0.23,2
423,7241,0.23,2
423,7686,0.23,2
423,7153,0.23,2
423,6761,0.23,2
423,7653,0.23,2
423,445,0.23,2
423,613,0.23,2
424,6946,0.25,2
424,7005,0.25,2
424,7399,0.25,2
424,7155,0.25,2
424,7686,0.25,2
424,7524,0.25,2
424,7169,0.25,2
424,7394,0.25,2
424,6961,0.25,2
424,642,0.25,2
424,7013,0.25,2
424,613,0.25,2
425,7274,0.31,2
425,6947,0.31,2
425,7087,0.31,2
425,7153,0.31,2
425,7155,0.31,2
425,6761,0.31,2
425,7394,0.31,2
425,846,0.31,2
425,7013,0.31,2
425,484,0.31,2
425,613,0.31,2
427,7274,0.89,2
427,7680,0.89,2
427,6843,0.89,2
427,6758,0.89,2
427,6987,0.89,2
427,7170,0.89,2
427,7375,0.89,2
427,6761,0.89,2
427,7169,0.89,2
427,7394,0.89,2
427,7013,0.89,2
427,920,0.89,2
427,572,0.89,2
427,484,0.89,2
427,673,0.89,2
427,613,0.89,2
427,333,0.89,2
428,6946,0.14,2
428,7176,0.14,2
428,7382,0.14,2
428,6723,0.14,2
428,7190,0.14,2
428,7305,0.14,2
428,7153,0.14,2
428,6761,0.14,2
428,7169,0.14,2
428,7452,0.14,2
428,198,0.14,2
428,592,0.14,2
428,892,0.14,2
428,543,0.14,2
428,234,0.14,2
428,706,0.14,2
428,288,0.14,2
428,673,0.14,2
428,734,0.14,2
428,672,0.14,2
429,835,0,2
429,613,0,2
430,484,0.04,2
431,7260,0.46,2
431,7428,0.46,2
431,6947,0.46,2
431,6987,0.46,2
431,7239,0.46,2
431,7305,0.46,2
431,7256,0.46,2
431,6761,0.46,2
431,7169,0.46,2
431,7452,0.46,2
431,117,0.46,2
431,725,0.46,2
433,7260,0.17,2
433,7513,0.17,2
433,6987,0.17,2
433,7153,0.17,2
433,7686,0.17,2
433,6826,0.17,2
433,6761,0.17,2
433,7169,0.17,2
433,7394,0.17,2
433,7013,0.17,2
435,6764,0.81,2
435,7178,0.81,2
435,6758,0.81,2
435,6742,0.81,2
435,7153,0.81,2
435,7241,0.81,2
435,7375,0.81,2
435,6761,0.81,2
435,7169,0.81,2
435,7394,0.81,2
435,359,0.81,2
435,920,0.81,2
435,484,0.81,2
435,673,0.81,2
435,333,0.81,2
436,7428,1,2
436,7513,1,2
436,6947,1,2
436,7087,1,2
436,6761,1,2
436,7169,1,2
436,7394,1,2
436,7013,1,2
436,484,1,2
436,613,1,2
437,7549,0.67,2
437,7260,0.67,2
437,7399,0.67,2
437,6947,0.67,2
437,6758,0.67,2
437,6756,0.67,2
437,7153,0.67,2
437,7155,0.67,2
437,6761,0.67,2
437,7169,0.67,2
437,7394,0.67,2
437,732,0.67,2
437,359,0.67,2
437,648,0.67,2
437,85,0.67,2
437,228,0.67,2
437,490,0.67,2
437,698,0.67,2
437,339,0.67,2
437,484,0.67,2
437,613,0.67,2
438,7499,0.63,2
438,7120,0.63,2
438,7051,0.63,2
438,6947,0.63,2
438,7399,0.63,2
438,7079,0.63,2
438,7524,0.63,2
438,6894,0.63,2
438,6728,0.63,2
438,6761,0.63,2
438,7169,0.63,2
438,7394,0.63,2
438,7653,0.63,2
438,938,0.63,2
438,7013,0.63,2
438,613,0.63,2
438,187,0.63,2
439,7260,1,2
439,7428,1,2
439,7111,1,2
439,6947,1,2
439,6843,1,2
439,6987,1,2
439,6962,1,2
439,6761,1,2
439,7169,1,2
439,7394,1,2
439,408,1,2
439,7013,1,2
439,725,1,2
440,6767,0.16,2
440,7260,0.16,2
440,7428,0.16,2
440,6947,0.16,2
440,7399,0.16,2
440,6756,0.16,2
440,7153,0.16,2
440,7169,0.16,2
440,7394,0.16,2
440,7452,0.16,2
440,796,0.16,2
440,87,0.16,2
440,613,0.16,2
441,6946,1,2
441,7260,1,2
441,6947,1,2
441,7399,1,2
441,7302,1,2
441,7686,1,2
441,7394,1,2
441,7653,1,2
441,905,1,2
441,87,1,2
441,484,1,2
441,613,1,2
442,6966,1,2
442,6745,1,2
442,7428,1,2
442,6947,1,2
442,6843,1,2
442,7187,1,2
442,6962,1,2
442,7686,1,2
442,6788,1,2
442,7281,1,2
442,6761,1,2
442,7169,1,2
442,7394,1,2
442,723,1,2
442,159,1,2
442,7013,1,2
442,436,1,2
442,249,1,2
442,771,1,2
442,228,1,2
442,395,1,2
442,276,1,2
442,12,1,2
443,7671,0.26,2
443,7512,0.26,2
443,7167,0.26,2
443,6947,0.26,2
443,7399,0.26,2
443,7494,0.26,2
443,6826,0.26,2
443,7394,0.26,2
443,7653,0.26,2
443,915,0.26,2
443,198,0.26,2
443,476,0.26,2
443,577,0.26,2
443,190,0.26,2
443,289,0.26,2
443,652,0.26,2
443,432,0.26,2
443,484,0.26,2
443,613,0.26,2
444,7671,0.64,2
444,7189,0.64,2
444,7120,0.64,2
444,6947,0.64,2
444,6843,0.64,2
444,7399,0.64,2
444,6756,0.64,2
444,6761,0.64,2
444,7169,0.64,2
444,7394,0.64,2
444,896,0.64,2
444,7013,0.64,2
444,371,0.64,2
444,484,0.64,2
444,613,0.64,2
448,6764,0.09,2
448,6954,0.09,2
448,6947,0.09,2
448,7276,0.09,2
448,7575,0.09,2
448,7686,0.09,2
448,7256,0.09,2
448,6761,0.09,2
448,7169,0.09,2
448,7394,0.09,2
448,727,0.09,2
448,482,0.09,2
448,613,0.09,2
450,7428,0.1,2
450,6843,0.1,2
450,6947,0.1,2
450,6765,0.1,2
450,6788,0.1,2
450,6924,0.1,2
450,7524,0.1,2
450,7169,0.1,2
450,7394,0.1,2
450,7653,0.1,2
450,855,0.1,2
450,7013,0.1,2
450,928,0.1,2
450,299,0.1,2
450,658,0.1,2
450,927,0.1,2
450,276,0.1,2
450,484,0.1,2
451,484,0.09,2
452,6946,0.09,2
452,7399,0.09,2
452,6947,0.09,2
452,6788,0.09,2
452,6924,0.09,2
452,7394,0.09,2
452,7653,0.09,2
452,532,0.09,2
452,484,0.09,2
452,613,0.09,2
453,7299,0.54,2
453,6947,0.54,2
453,6765,0.54,2
453,6843,0.54,2
453,6924,0.54,2
453,7524,0.54,2
453,6761,0.54,2
453,7169,0.54,2
453,7394,0.54,2
453,166,0.54,2
453,359,0.54,2
453,943,0.54,2
453,93,0.54,2
453,484,0.54,2
453,12,0.54,2
454,6966,1,2
454,7599,1,2
454,7102,1,2
454,7382,1,2
454,6826,1,2
454,7153,1,2
454,7241,1,2
454,6761,1,2
454,7169,1,2
454,7452,1,2
454,198,1,2
454,920,1,2
454,543,1,2
454,484,1,2
454,673,1,2
454,523,1,2
454,664,1,2
454,581,1,2
454,333,1,2
455,6764,0.48,2
455,6947,0.48,2
455,7153,0.48,2
455,7155,0.48,2
455,7524,0.48,2
455,6761,0.48,2
455,7169,0.48,2
455,7394,0.48,2
455,369,0.48,2
455,359,0.48,2
455,12,0.48,2
455,673,0.48,2
456,6946,1,2
456,7599,1,2
456,7282,1,2
456,7382,1,2
456,7165,1,2
456,7332,1,2
456,7153,1,2
456,6826,1,2
456,7169,1,2
456,7394,1,2
456,7452,1,2
456,47,1,2
456,7013,1,2
456,920,1,2
456,543,1,2
456,229,1,2
456,891,1,2
456,581,1,2
456,710,1,2
456,523,1,2
456,333,1,2
457,6966,0.71,2
457,7599,0.71,2
457,7428,0.71,2
457,7153,0.71,2
457,6915,0.71,2
457,6761,0.71,2
457,7169,0.71,2
457,7394,0.71,2
457,384,0.71,2
457,198,0.71,2
457,920,0.71,2
457,484,0.71,2
457,673,0.71,2
457,664,0.71,2
457,333,0.71,2
459,484,0.08,2
460,7671,0.12,2
460,7340,0.12,2
460,6765,0.12,2
460,6947,0.12,2
460,7155,0.12,2
460,7241,0.12,2
460,7394,0.12,2
460,7653,0.12,2
460,800,0.12,2
460,328,0.12,2
460,484,0.12,2
460,613,0.12,2
461,7671,0.34,2
461,7173,0.34,2
461,6947,0.34,2
461,6843,0.34,2
461,7399,0.34,2
461,7241,0.34,2
461,7153,0.34,2
461,7155,0.34,2
461,6761,0.34,2
461,7169,0.34,2
461,7394,0.34,2
461,853,0.34,2
461,7013,0.34,2
461,18,0.34,2
461,810,0.34,2
461,484,0.34,2
461,525,0.34,2
461,673,0.34,2
461,664,0.34,2
461,613,0.34,2
461,187,0.34,2
462,7260,0.47,2
462,6946,0.47,2
462,7399,0.47,2
462,7408,0.47,2
462,7686,0.47,2
462,7153,0.47,2
462,6761,0.47,2
462,7653,0.47,2
462,949,0.47,2
462,87,0.47,2
462,604,0.47,2
462,613,0.47,2
463,7260,0.48,2
463,7494,0.48,2
463,7399,0.48,2
463,7686,0.48,2
463,6826,0.48,2
463,7153,0.48,2
463,6761,0.48,2
463,7169,0.48,2
463,7394,0.48,2
463,306,0.48,2
463,198,0.48,2
463,432,0.48,2
467,7507,0.14,2
467,7671,0.14,2
467,6765,0.14,2
467,6947,0.14,2
467,7524,0.14,2
467,7153,0.14,2
467,6761,0.14,2
467,7394,0.14,2
467,787,0.14,2
467,484,0.14,2
467,613,0.14,2
469,6966,0.51,2
469,7599,0.51,2
469,7680,0.51,2
469,6843,0.51,2
469,7209,0.51,2
469,7382,0.51,2
469,7153,0.51,2
469,6924,0.51,2
469,7169,0.51,2
469,7394,0.51,2
469,7452,0.51,2
469,359,0.51,2
469,920,0.51,2
469,572,0.51,2
469,465,0.51,2
469,12,0.51,2
469,673,0.51,2
469,664,0.51,2
469,333,0.51,2
470,6843,0.78,2
470,6947,0.78,2
470,7153,0.78,2
470,7169,0.78,2
470,7394,0.78,2
470,494,0.78,2
470,359,0.78,2
470,920,0.78,2
470,876,0.78,2
470,339,0.78,2
470,484,0.78,2
470,673,0.78,2
470,333,0.78,2
474,7260,0.97,2
474,6767,0.97,2
474,6843,0.97,2
474,6947,0.97,2
474,6987,0.97,2
474,7446,0.97,2
474,6905,0.97,2
474,6756,0.97,2
474,6761,0.97,2
474,7169,0.97,2
474,7394,0.97,2
474,718,0.97,2
474,7013,0.97,2
474,920,0.97,2
474,484,0.97,2
474,333,0.97,2
478,7260,1,2
478,7112,1,2
478,6946,1,2
478,6765,1,2
478,6947,1,2
478,6987,1,2
478,6843,1,2
478,7550,1,2
478,7686,1,2
478,6761,1,2
478,7169,1,2
478,7394,1,2
478,278,1,2
478,47,1,2
478,359,1,2
478,572,1,2
478,838,1,2
478,933,1,2
478,738,1,2
478,391,1,2
478,438,1,2
479,6891,0.4,2
479,7335,0.4,2
479,7399,0.4,2
479,7152,0.4,2
479,7087,0.4,2
479,6962,0.4,2
479,7524,0.4,2
479,7086,0.4,2
479,6761,0.4,2
479,7169,0.4,2
479,7394,0.4,2
479,398,0.4,2
479,294,0.4,2
479,87,0.4,2
479,604,0.4,2
479,613,0.4,2
480,7260,0.2,2
480,6828,0.2,2
480,6765,0.2,2
480,6947,0.2,2
480,7153,0.2,2
480,6924,0.2,2
480,6788,0.2,2
480,6761,0.2,2
480,7169,0.2,2
480,7394,0.2,2
480,807,0.2,2
480,484,0.2,2
480,613,0.2,2
481,6946,0.54,2
481,7111,0.54,2
481,7498,0.54,2
481,7071,0.54,2
481,7382,0.54,2
481,6947,0.54,2
481,6769,0.54,2
481,7524,0.54,2
481,7153,0.54,2
481,6761,0.54,2
481,7169,0.54,2
481,7394,0.54,2
481,7452,0.54,2
481,18,0.54,2
481,543,0.54,2
481,93,0.54,2
481,524,0.54,2
481,339,0.54,2
481,484,0.54,2
482,6793,0.94,2
482,7496,0.94,2
482,7428,0.94,2
482,6947,0.94,2
482,7399,0.94,2
482,6765,0.94,2
482,7480,0.94,2
482,7155,0.94,2
482,6826,0.94,2
482,7169,0.94,2
482,7394,0.94,2
482,7653,0.94,2
482,278,0.94,2
482,777,0.94,2
482,7013,0.94,2
482,18,0.94,2
482,933,0.94,2
482,549,0.94,2
482,945,0.94,2
482,83,0.94,2
482,357,0.94,2
482,484,0.94,2
482,613,0.94,2
484,613,0,2
485,7308,1,2
485,7178,1,2
485,7639,1,2
485,7165,1,2
485,7170,1,2
485,7153,1,2
485,6761,1,2
485,7169,1,2
485,7452,1,2
485,359,1,2
485,592,1,2
485,6810,1,2
485,585,1,2
485,192,1,2
485,48,1,2
485,493,1,2
485,234,1,2
485,389,1,2
485,523,1,2
486,6764,0.36,2
486,6947,0.36,2
486,7087,0.36,2
486,6765,0.36,2
486,7239,0.36,2
486,7153,0.36,2
486,6761,0.36,2
486,7169,0.36,2
486,7394,0.36,2
486,692,0.36,2
486,484,0.36,2
488,6765,0.21,2
488,7399,0.21,2
488,6761,0.21,2
488,7169,0.21,2
488,7394,0.21,2
488,532,0.21,2
488,484,0.21,2
488,12,0.21,2
488,613,0.21,2
489,7274,0.21,2
489,7428,0.21,2
489,6947,0.21,2
489,6765,0.21,2
489,6843,0.21,2
489,7241,0.21,2
489,7155,0.21,2
489,7686,0.21,2
489,6761,0.21,2
489,7169,0.21,2
489,7394,0.21,2
489,359,0.21,2
489,484,0.21,2
489,613,0.21,2
490,7282,0.16,2
490,6987,0.16,2
490,7087,0.16,2
490,6826,0.16,2
490,6761,0.16,2
490,7169,0.16,2
490,7394,0.16,2
490,72,0.16,2
490,7013,0.16,2
490,484,0.16,2
490,12,0.16,2
490,673,0.16,2
490,333,0.16,2
491,566,0.08,2
491,484,0.08,2
492,339,0.01,2
492,484,0.01,2
492,673,0.01,2
492,613,0.01,2
493,6966,1,2
493,7599,1,2
493,7260,1,2
493,6843,1,2
493,6758,1,2
493,7399,1,2
493,7382,1,2
493,7686,1,2
493,7241,1,2
493,6761,1,2
493,7169,1,2
493,7394,1,2
493,7452,1,2
493,458,1,2
493,359,1,2
493,436,1,2
493,572,1,2
493,604,1,2
493,539,1,2
493,484,1,2
493,673,1,2
494,576,0.09,2
494,484,0.09,2
494,613,0.09,2
495,6946,0.18,2
495,7282,0.18,2
495,7329,0.18,2
495,6928,0.18,2
495,7382,0.18,2
495,6874,0.18,2
495,7305,0.18,2
495,6788,0.18,2
495,6728,0.18,2
495,6761,0.18,2
495,7169,0.18,2
495,7452,0.18,2
495,568,0.18,2
495,359,0.18,2
495,734,0.18,2
495,187,0.18,2
497,7260,0.38,2
497,7112,0.38,2
497,7111,0.38,2
497,6765,0.38,2
497,7399,0.38,2
497,6843,0.38,2
497,7155,0.38,2
497,7686,0.38,2
497,7153,0.38,2
497,7169,0.38,2
497,7653,0.38,2
497,198,0.38,2
497,484,0.38,2
497,613,0.38,2
498,7387,0.12,2
498,7054,0.12,2
498,6741,0.12,2
498,7633,0.12,2
498,7524,0.12,2
498,7241,0.12,2
498,6761,0.12,2
498,7394,0.12,2
498,464,0.12,2
498,592,0.12,2
499,6745,0.16,2
499,7428,0.16,2
499,6843,0.16,2
499,7382,0.16,2
499,6840,0.16,2
499,7686,0.16,2
499,7153,0.16,2
499,7305,0.16,2
499,6761,0.16,2
499,7169,0.16,2
499,7394,0.16,2
499,126,0.16,2
499,484,0.16,2
499,333,0.16,2
500,6764,0.36,2
500,6947,0.36,2
500,6741,0.36,2
500,7241,0.36,2
500,7153,0.36,2
500,6761,0.36,2
500,7169,0.36,2
500,7394,0.36,2
500,855,0.36,2
500,359,0.36,2
500,136,0.36,2
500,943,0.36,2
500,484,0.36,2
500,333,0.36,2
502,6946,1,2
502,7081,1,2
502,7005,1,2
502,6947,1,2
502,6987,1,2
502,6843,1,2
502,7399,1,2
502,7155,1,2
502,7153,1,2
502,7524,1,2
502,7169,1,2
502,7394,1,2
502,7653,1,2
502,817,1,2
502,7013,1,2
502,943,1,2
502,543,1,2
502,484,1,2
502,12,1,2
502,613,1,2
505,7206,0.28,2
505,7312,0.28,2
505,6947,0.28,2
505,6765,0.28,2
505,7399,0.28,2
505,7575,0.28,2
505,7169,0.28,2
505,7394,0.28,2
505,7653,0.28,2
505,620,0.28,2
505,12,0.28,2
505,613,0.28,2
509,7484,0.69,2
509,7120,0.69,2
509,6947,0.69,2
509,6843,0.69,2
509,7087,0.69,2
509,6756,0.69,2
509,7153,0.69,2
509,6761,0.69,2
509,7169,0.69,2
509,7394,0.69,2
509,365,0.69,2
509,412,0.69,2
509,269,0.69,2
509,484,0.69,2
512,6966,1,2
512,6946,1,2
512,7428,1,2
512,7165,1,2
512,7305,1,2
512,7153,1,2
512,6761,1,2
512,7169,1,2
512,7452,1,2
512,832,1,2
512,359,1,2
512,543,1,2
513,6764,1,2
513,6954,1,2
513,6947,1,2
513,6843,1,2
513,7256,1,2
513,6916,1,2
513,6761,1,2
513,7169,1,2
513,7394,1,2
513,653,1,2
513,7013,1,2
513,484,1,2
513,725,1,2
513,673,1,2
513,333,1,2
514,7163,0.34,2
514,7428,0.34,2
514,7524,0.34,2
514,7170,0.34,2
514,6761,0.34,2
514,7169,0.34,2
514,7394,0.34,2
514,604,0.34,2
516,7345,0.49,2
516,6843,0.49,2
516,6947,0.49,2
516,6765,0.49,2
516,7241,0.49,2
516,7256,0.49,2
516,7095,0.49,2
516,6761,0.49,2
516,7169,0.49,2
516,7394,0.49,2
516,122,0.49,2
516,7013,0.49,2
516,484,0.49,2
516,12,0.49,2
517,613,0.06,2
518,484,0.02,2
518,12,0.02,2
518,613,0.02,2
519,7260,0.25,2
519,6765,0.25,2
519,7399,0.25,2
519,7686,0.25,2
519,6826,0.25,2
519,6761,0.25,2
519,7169,0.25,2
519,7394,0.25,2
519,59,0.25,2
519,47,0.25,2
519,176,0.25,2
519,608,0.25,2
519,279,0.25,2
519,479,0.25,2
519,156,0.25,2
519,837,0.25,2
519,613,0.25,2
520,6946,0.43,2
520,7658,0.43,2
520,6947,0.43,2
520,7399,0.43,2
520,7276,0.43,2
520,7153,0.43,2
520,7524,0.43,2
520,7394,0.43,2
520,7653,0.43,2
520,604,0.43,2
520,856,0.43,2
520,95,0.43,2
520,311,0.43,2
520,516,0.43,2
520,32,0.43,2
520,484,0.43,2
520,140,0.43,2
521,7294,1,2
521,6934,1,2
521,7099,1,2
521,7382,1,2
521,7071,1,2
521,7686,1,2
521,7153,1,2
521,7524,1,2
521,6761,1,2
521,7169,1,2
521,7394,1,2
521,7452,1,2
521,149,1,2
521,198,1,2
521,436,1,2
521,572,1,2
521,524,1,2
521,484,1,2
523,6966,0.21,2
523,6975,0.21,2
523,7428,0.21,2
523,7332,0.21,2
523,7432,0.21,2
523,7092,0.21,2
523,6761,0.21,2
523,7169,0.21,2
523,7394,0.21,2
523,7452,0.21,2
523,757,0.21,2
523,359,0.21,2
523,303,0.21,2
523,899,0.21,2
523,341,0.21,2
523,453,0.21,2
523,38,0.21,2
523,142,0.21,2
523,232,0.21,2
523,66,0.21,2
523,175,0.21,2
523,333,0.21,2
524,6966,1,2
524,7112,1,2
524,6946,1,2
524,7371,1,2
524,7332,1,2
524,6826,1,2
524,7153,1,2
524,7264,1,2
524,6761,1,2
524,7169,1,2
524,7394,1,2
524,359,1,2
524,436,1,2
524,572,1,2
524,604,1,2
524,465,1,2
524,84,1,2
524,506,1,2
524,484,1,2
524,673,1,2
524,523,1,2
524,613,1,2
524,333,1,2
525,7671,1,2
525,6764,1,2
525,7120,1,2
525,7382,1,2
525,7153,1,2
525,7241,1,2
525,6761,1,2
525,7169,1,2
525,7394,1,2
525,7452,1,2
525,863,1,2
525,560,1,2
525,359,1,2
525,920,1,2
525,484,1,2
525,673,1,2
525,613,1,2
525,333,1,2
526,7507,0.2,2
526,7671,0.2,2
526,7632,0.2,2
526,6843,0.2,2
526,6947,0.2,2
526,6758,0.2,2
526,6826,0.2,2
526,7241,0.2,2
526,7686,0.2,2
526,6761,0.2,2
526,7169,0.2,2
526,7394,0.2,2
526,761,0.2,2
526,359,0.2,2
526,889,0.2,2
526,610,0.2,2
526,766,0.2,2
526,376,0.2,2
526,609,0.2,2
526,484,0.2,2
526,12,0.2,2
526,523,0.2,2
526,333,0.2,2
527,7632,0.26,2
527,7178,0.26,2
527,7671,0.26,2
527,7332,0.26,2
527,6826,0.26,2
527,6769,0.26,2
527,6761,0.26,2
527,7169,0.26,2
527,7394,0.26,2
527,43,0.26,2
527,198,0.26,2
527,592,0.26,2
527,506,0.26,2
527,484,0.26,2
527,673,0.26,2
527,523,0.26,2
528,7260,0.23,2
528,6946,0.23,2
528,6764,0.23,2
528,6947,0.23,2
528,7399,0.23,2
528,6843,0.23,2
528,6987,0.23,2
528,7155,0.23,2
528,7153,0.23,2
528,6761,0.23,2
528,7169,0.23,2
528,7394,0.23,2
528,7653,0.23,2
528,532,0.23,2
528,7013,0.23,2
528,269,0.23,2
528,484,0.23,2
528,613,0.23,2
529,6745,1,2
529,7428,1,2
529,6843,1,2
529,6758,1,2
529,6947,1,2
529,6826,1,2
529,7618,1,2
529,6788,1,2
529,6761,1,2
529,7169,1,2
529,7394,1,2
529,7013,1,2
529,436,1,2
529,725,1,2
529,333,1,2
530,7658,1,2
530,7260,1,2
530,6752,1,2
530,6947,1,2
530,7399,1,2
530,7153,1,2
530,7524,1,2
530,6826,1,2
530,6761,1,2
530,7394,1,2
530,7653,1,2
530,133,1,2
530,7013,1,2
530,146,1,2
530,484,1,2
530,104,1,2
530,613,1,2
531,7102,1,2
531,7260,1,2
531,6966,1,2
531,7658,1,2
531,6947,1,2
531,6843,1,2
531,6758,1,2
531,7399,1,2
531,6905,1,2
531,7155,1,2
531,7153,1,2
531,7575,1,2
531,6761,1,2
531,7169,1,2
531,7394,1,2
531,7452,1,2
531,7013,1,2
531,18,1,2
531,572,1,2
531,823,1,2
531,673,1,2
531,140,1,2
531,116,1,2
532,6966,0.1,2
532,7282,0.1,2
532,7382,0.1,2
532,7332,0.1,2
532,7153,0.1,2
532,7686,0.1,2
532,6756,0.1,2
532,7169,0.1,2
532,7394,0.1,2
532,7452,0.1,2
532,759,0.1,2
532,359,0.1,2
532,941,0.1,2
532,506,0.1,2
532,673,0.1,2
532,523,0.1,2
532,333,0.1,2
533,7578,0.15,2
533,7120,0.15,2
533,6843,0.15,2
533,6947,0.15,2
533,7083,0.15,2
533,7524,0.15,2
533,6761,0.15,2
533,7169,0.15,2
533,7394,0.15,2
533,338,0.15,2
533,359,0.15,2
533,484,0.15,2
534,6764,0.18,2
534,7213,0.18,2
534,6765,0.18,2
534,6947,0.18,2
534,7241,0.18,2
534,7575,0.18,2
534,7305,0.18,2
534,6761,0.18,2
534,7169,0.18,2
534,7394,0.18,2
534,359,0.18,2
534,613,0.18,2
534,333,0.18,2
535,7599,0.39,2
535,6966,0.39,2
535,7428,0.39,2
535,6843,0.39,2
535,6758,0.39,2
535,7382,0.39,2
535,7153,0.39,2
535,6826,0.39,2
535,6761,0.39,2
535,7169,0.39,2
535,7394,0.39,2
535,217,0.39,2
535,359,0.39,2
535,86,0.39,2
535,484,0.39,2
535,485,0.39,2
535,673,0.39,2
535,523,0.39,2
535,333,0.39,2
536,6966,0.18,2
536,7599,0.18,2
536,7428,0.18,2
536,7153,0.18,2
536,6826,0.18,2
536,6761,0.18,2
536,7169,0.18,2
536,7394,0.18,2
536,359,0.18,2
536,673,0.18,2
536,333,0.18,2
537,6966,0.56,2
537,7599,0.56,2
537,7282,0.56,2
537,7332,0.56,2
537,7153,0.56,2
537,7686,0.56,2
537,7227,0.56,2
537,6761,0.56,2
537,7169,0.56,2
537,7394,0.56,2
537,621,0.56,2
537,359,0.56,2
537,920,0.56,2
537,484,0.56,2
537,12,0.56,2
537,673,0.56,2
537,333,0.56,2
539,7507,1,2
539,7573,1,2
539,7632,1,2
539,7332,1,2
539,7575,1,2
539,7084,1,2
539,7153,1,2
539,7170,1,2
539,6761,1,2
539,7169,1,2
539,7394,1,2
539,946,1,2
539,359,1,2
539,484,1,2
539,673,1,2
539,523,1,2
539,333,1,2
540,6764,0.19,2
540,7614,0.19,2
540,6947,0.19,2
540,7399,0.19,2
540,6962,0.19,2
540,7241,0.19,2
540,7153,0.19,2
540,7169,0.19,2
540,7394,0.19,2
540,7653,0.19,2
540,845,0.19,2
540,359,0.19,2
540,465,0.19,2
540,432,0.19,2
540,484,0.19,2
540,12,0.19,2
540,613,0.19,2
541,6764,1,2
541,7060,1,2
541,7027,1,2
541,6954,1,2
541,6843,1,2
541,6947,1,2
541,7209,1,2
541,7382,1,2
541,7153,1,2
541,7471,1,2
541,6792,1,2
541,6761,1,2
541,7169,1,2
541,7394,1,2
541,7452,1,2
541,745,1,2
541,693,1,2
541,359,1,2
541,920,1,2
541,572,1,2
541,895,1,2
541,906,1,2
541,635,1,2
541,80,1,2
541,259,1,2
541,465,1,2
541,146,1,2
541,484,1,2
541,12,1,2
541,673,1,2
541,664,1,2
541,333,1,2
542,484,0.27,2
542,664,0.27,2
543,7671,1,2
543,6912,1,2
543,7399,1,2
543,7686,1,2
543,7241,1,2
543,6761,1,2
543,7169,1,2
543,7394,1,2
543,241,1,2
543,7013,1,2
543,436,1,2
543,604,1,2
543,333,1,2
544,7671,1,2
544,6764,1,2
544,7632,1,2
544,6843,1,2
544,6758,1,2
544,6826,1,2
544,6769,1,2
544,7153,1,2
544,7241,1,2
544,6761,1,2
544,7169,1,2
544,7394,1,2
544,90,1,2
544,359,1,2
544,943,1,2
544,7013,1,2
544,484,1,2
544,523,1,2
544,333,1,2
546,7120,0.28,2
546,7662,0.28,2
546,7206,0.28,2
546,6947,0.28,2
546,7087,0.28,2
546,6843,0.28,2
546,7153,0.28,2
546,7524,0.28,2
546,6761,0.28,2
546,7169,0.28,2
546,7394,0.28,2
546,425,0.28,2
546,7013,0.28,2
546,484,0.28,2
546,725,0.28,2
546,333,0.28,2
547,506,0.05,2
547,673,0.05,2
547,523,0.05,2
547,333,0.05,2
548,7671,1,2
548,6764,1,2
548,6912,1,2
548,7399,1,2
548,6947,1,2
548,6843,1,2
548,6830,1,2
548,7524,1,2
548,6761,1,2
548,7169,1,2
548,7394,1,2
548,496,1,2
548,7013,1,2
548,484,1,2
548,613,1,2
549,6966,1,2
549,6934,1,2
549,7599,1,2
549,6767,1,2
549,7382,1,2
549,7165,1,2
549,7241,1,2
549,6826,1,2
549,7153,1,2
549,6761,1,2
549,7169,1,2
549,7394,1,2
549,7452,1,2
549,359,1,2
549,436,1,2
549,543,1,2
549,93,1,2
549,673,1,2
549,333,1,2
550,6946,1,2
550,7260,1,2
550,7549,1,2
550,7399,1,2
550,7382,1,2
550,6843,1,2
550,6947,1,2
550,7375,1,2
550,7305,1,2
550,7264,1,2
550,6761,1,2
550,7169,1,2
550,7394,1,2
550,7452,1,2
550,385,1,2
550,7013,1,2
550,484,1,2
550,12,1,2
550,613,1,2
550,187,1,2
551,7316,0.28,2
551,6780,0.28,2
551,6947,0.28,2
551,7464,0.28,2
551,7524,0.28,2
551,7305,0.28,2
551,6756,0.28,2
551,6761,0.28,2
551,7169,0.28,2
551,7394,0.28,2
551,301,0.28,2
551,198,0.28,2
551,354,0.28,2
551,76,0.28,2
551,484,0.28,2
551,926,0.28,2
551,835,0.28,2
553,6966,0.36,2
553,7599,0.36,2
553,7102,0.36,2
553,7382,0.36,2
553,7686,0.36,2
553,7153,0.36,2
553,6826,0.36,2
553,6761,0.36,2
553,7169,0.36,2
553,7394,0.36,2
553,7452,0.36,2
553,591,0.36,2
553,359,0.36,2
553,725,0.36,2
553,523,0.36,2
554,6966,1,2
554,7102,1,2
554,7382,1,2
554,7165,1,2
554,7153,1,2
554,6826,1,2
554,7170,1,2
554,6761,1,2
554,7169,1,2
554,7394,1,2
554,359,1,2
554,592,1,2
554,523,1,2
554,333,1,2
556,7428,0.19,2
556,7512,0.19,2
556,6947,0.19,2
556,6765,0.19,2
556,7256,0.19,2
556,7153,0.19,2
556,6756,0.19,2
556,7169,0.19,2
556,7394,0.19,2
556,7653,0.19,2
556,484,0.19,2
556,613,0.19,2
557,371,0.02,2
558,7282,0.14,2
558,6946,0.14,2
558,7329,0.14,2
558,7059,0.14,2
558,6928,0.14,2
558,7203,0.14,2
558,7375,0.14,2
558,7155,0.14,2
558,6761,0.14,2
558,7394,0.14,2
558,7452,0.14,2
558,351,0.14,2
558,7013,0.14,2
558,187,0.14,2
561,6966,0.98,2
561,7428,0.98,2
561,6946,0.98,2
561,7176,0.98,2
561,6843,0.98,2
561,7382,0.98,2
561,6758,0.98,2
561,6928,0.98,2
561,7153,0.98,2
561,7190,0.98,2
561,7170,0.98,2
561,7169,0.98,2
561,7394,0.98,2
561,7452,0.98,2
561,381,0.98,2
561,198,0.98,2
561,303,0.98,2
561,6810,0.98,2
561,319,0.98,2
561,234,0.98,2
561,290,0.98,2
561,487,0.98,2
561,5,0.98,2
561,524,0.98,2
561,673,0.98,2
561,187,0.98,2
564,6966,1,2
564,7102,1,2
564,6946,1,2
564,7599,1,2
564,7382,1,2
564,7165,1,2
564,7332,1,2
564,7071,1,2
564,7153,1,2
564,7461,1,2
564,7155,1,2
564,7524,1,2
564,6761,1,2
564,7169,1,2
564,7394,1,2
564,193,1,2
564,7013,1,2
564,436,1,2
564,789,1,2
564,543,1,2
564,93,1,2
564,524,1,2
564,484,1,2
564,523,1,2
564,333,1,2
566,7348,1,2
566,7691,1,2
566,7382,1,2
566,7686,1,2
566,7153,1,2
566,7256,1,2
566,7169,1,2
566,7394,1,2
566,7452,1,2
566,7013,1,2
566,339,1,2
566,523,1,2
567,7671,0.07,2
567,7389,0.07,2
567,7087,0.07,2
567,6947,0.07,2
567,7155,0.07,2
567,7686,0.07,2
567,7394,0.07,2
567,7653,0.07,2
568,6966,1,2
568,7102,1,2
568,7428,1,2
568,6783,1,2
568,7165,1,2
568,7382,1,2
568,6826,1,2
568,7686,1,2
568,7153,1,2
568,6761,1,2
568,7169,1,2
568,7394,1,2
568,7452,1,2
568,359,1,2
568,436,1,2
568,572,1,2
568,347,1,2
568,493,1,2
568,596,1,2
569,6877,0.23,2
569,7481,0.23,2
569,7565,0.23,2
569,6947,0.23,2
569,7408,0.23,2
569,7524,0.23,2
569,6826,0.23,2
569,6761,0.23,2
569,7169,0.23,2
569,7394,0.23,2
569,198,0.23,2
569,107,0.23,2
569,613,0.23,2
571,7260,0.33,2
571,6947,0.33,2
571,6750,0.33,2
571,7524,0.33,2
571,7305,0.33,2
571,6761,0.33,2
571,7169,0.33,2
571,7394,0.33,2
571,386,0.33,2
571,876,0.33,2
571,484,0.33,2
572,93,0,2
573,6764,0.42,2
573,6895,0.42,2
573,6947,0.42,2
573,7399,0.42,2
573,7087,0.42,2
573,7241,0.42,2
573,7155,0.42,2
573,7524,0.42,2
573,7169,0.42,2
573,7394,0.42,2
573,7653,0.42,2
573,7013,0.42,2
573,280,0.42,2
573,93,0.42,2
573,484,0.42,2
573,613,0.42,2
574,6947,0.14,2
574,7087,0.14,2
574,6843,0.14,2
574,7575,0.14,2
574,7305,0.14,2
574,7153,0.14,2
574,6761,0.14,2
574,7169,0.14,2
574,7394,0.14,2
574,7013,0.14,2
574,484,0.14,2
574,12,0.14,2
575,364,0.04,2
575,484,0.04,2
577,7671,0.66,2
577,6764,0.66,2
577,7145,0.66,2
577,7399,0.66,2
577,6947,0.66,2
577,7003,0.66,2
577,7524,0.66,2
577,7153,0.66,2
577,7084,0.66,2
577,6761,0.66,2
577,7169,0.66,2
577,7394,0.66,2
577,87,0.66,2
577,613,0.66,2
579,6946,0.1,2
579,7282,0.1,2
579,7428,0.1,2
579,6928,0.1,2
579,7609,0.1,2
579,7153,0.1,2
579,7686,0.1,2
579,7524,0.1,2
579,6761,0.1,2
579,7169,0.1,2
579,7394,0.1,2
579,826,0.1,2
579,359,0.1,2
579,84,0.1,2
579,333,0.1,2
580,484,0,2
584,328,0.04,2
584,484,0.04,2
584,613,0.04,2
586,7597,0.96,2
586,7112,0.96,2
586,6844,0.96,2
586,7239,0.96,2
586,6792,0.96,2
586,7190,0.96,2
586,6761,0.96,2
586,7169,0.96,2
586,7394,0.96,2
586,7013,0.96,2
586,472,0.96,2
586,7,0.96,2
586,293,0.96,2
586,292,0.96,2
586,912,0.96,2
586,432,0.96,2
586,151,0.96,2
587,7602,0.11,2
587,6946,0.11,2
587,7087,0.11,2
587,6947,0.11,2
587,7524,0.11,2
587,7153,0.11,2
587,7461,0.11,2
587,7169,0.11,2
587,7394,0.11,2
587,266,0.11,2
587,484,0.11,2
588,613,0.04,2
589,6764,0.23,2
589,7530,0.23,2
589,6947,0.23,2
589,6826,0.23,2
589,6924,0.23,2
589,7155,0.23,2
589,6761,0.23,2
589,7169,0.23,2
589,7394,0.23,2
589,939,0.23,2
589,359,0.23,2
589,436,0.23,2
589,484,0.23,2
590,6966,1,2
590,6934,1,2
590,7599,1,2
590,6843,1,2
590,7382,1,2
590,6758,1,2
590,7153,1,2
590,6761,1,2
590,7169,1,2
590,7394,1,2
590,667,1,2
590,198,1,2
590,920,1,2
590,572,1,2
590,339,1,2
590,673,1,2
590,664,1,2
590,333,1,2
591,7270,1,2
591,7111,1,2
591,6946,1,2
591,6975,1,2
591,7382,1,2
591,7084,1,2
591,7153,1,2
591,7524,1,2
591,6777,1,2
591,6761,1,2
591,7169,1,2
591,7394,1,2
591,7452,1,2
591,768,1,2
591,198,1,2
591,18,1,2
591,778,1,2
591,41,1,2
591,925,1,2
591,20,1,2
591,610,1,2
591,543,1,2
591,93,1,2
591,524,1,2
591,379,1,2
591,146,1,2
591,484,1,2
591,673,1,2
591,333,1,2
593,134,0.06,2
595,7658,0.32,2
595,7640,0.32,2
595,6947,0.32,2
595,7524,0.32,2
595,7153,0.32,2
595,6761,0.32,2
595,7169,0.32,2
595,7394,0.32,2
595,484,0.32,2
596,6966,1,2
596,7599,1,2
596,6764,1,2
596,7102,1,2
596,7332,1,2
596,6774,1,2
596,7153,1,2
596,7618,1,2
596,6826,1,2
596,6761,1,2
596,7169,1,2
596,7394,1,2
596,7452,1,2
596,198,1,2
596,436,1,2
596,572,1,2
596,360,1,2
596,941,1,2
596,506,1,2
596,500,1,2
596,339,1,2
596,673,1,2
596,523,1,2
596,333,1,2
597,7428,0.33,2
597,6986,0.33,2
597,6765,0.33,2
597,6947,0.33,2
597,7155,0.33,2
597,7241,0.33,2
597,7394,0.33,2
597,7653,0.33,2
597,800,0.33,2
597,7013,0.33,2
597,484,0.33,2
597,12,0.33,2
597,613,0.33,2
599,6946,0.05,2
599,6767,0.05,2
599,7201,0.05,2
599,7439,0.05,2
599,7003,0.05,2
599,7153,0.05,2
599,6761,0.05,2
599,7169,0.05,2
599,7452,0.05,2
599,699,0.05,2
599,343,0.05,2
601,6764,0.17,2
601,7507,0.17,2
601,6947,0.17,2
601,6765,0.17,2
601,6924,0.17,2
601,7686,0.17,2
601,7575,0.17,2
601,7169,0.17,2
601,7394,0.17,2
601,713,0.17,2
601,437,0.17,2
601,484,0.17,2
601,12,0.17,2
601,613,0.17,2
602,7671,0.47,2
602,6912,0.47,2
602,6906,0.47,2
602,6947,0.47,2
602,6765,0.47,2
602,7399,0.47,2
602,7155,0.47,2
602,6905,0.47,2
602,6761,0.47,2
602,7169,0.47,2
602,7394,0.47,2
602,917,0.47,2
602,7013,0.47,2
602,484,0.47,2
602,613,0.47,2
603,7671,0.41,2
603,6764,0.41,2
603,7120,0.41,2
603,6947,0.41,2
603,6765,0.41,2
603,7399,0.41,2
603,7155,0.41,2
603,7575,0.41,2
603,6761,0.41,2
603,7169,0.41,2
603,7394,0.41,2
603,91,0.41,2
603,854,0.41,2
603,7013,0.41,2
603,716,0.41,2
603,925,0.41,2
603,844,0.41,2
603,405,0.41,2
603,46,0.41,2
603,484,0.41,2
603,613,0.41,2
604,613,0,2
605,468,0.11,2
605,314,0.11,2
605,89,0.11,2
605,200,0.11,2
607,484,0.06,2
608,6966,0.63,2
608,7599,0.63,2
608,7282,0.63,2
608,6843,0.63,2
608,7209,0.63,2
608,7165,0.63,2
608,7153,0.63,2
608,7575,0.63,2
608,6761,0.63,2
608,7169,0.63,2
608,7394,0.63,2
608,359,0.63,2
608,920,0.63,2
608,484,0.63,2
608,673,0.63,2
608,664,0.63,2
608,333,0.63,2
612,7428,0.28,2
612,7260,0.28,2
612,6947,0.28,2
612,7399,0.28,2
612,6756,0.28,2
612,7153,0.28,2
612,7155,0.28,2
612,7241,0.28,2
612,6761,0.28,2
612,7394,0.28,2
612,7653,0.28,2
612,803,0.28,2
612,359,0.28,2
612,484,0.28,2
612,809,0.28,2
612,835,0.28,2
612,613,0.28,2
613,7671,0.15,2
613,7120,0.15,2
613,6895,0.15,2
613,7399,0.15,2
613,6947,0.15,2
613,7153,0.15,2
613,7471,0.15,2
613,7084,0.15,2
613,6761,0.15,2
613,7169,0.15,2
613,7394,0.15,2
613,462,0.15,2
613,7013,0.15,2
613,484,0.15,2
613,613,0.15,2
614,7671,0.59,2
614,6895,0.59,2
614,7120,0.59,2
614,7399,0.59,2
614,7494,0.59,2
614,7391,0.59,2
614,7686,0.59,2
614,6826,0.59,2
614,6761,0.59,2
614,7394,0.59,2
614,7653,0.59,2
614,459,0.59,2
614,7013,0.59,2
614,604,0.59,2
614,613,0.59,2
616,954,0.02,2
617,810,0.08,2
617,484,0.08,2
617,725,0.08,2
620,6946,0.37,2
620,6975,0.37,2
620,6966,0.37,2
620,7382,0.37,2
620,7443,0.37,2
620,6928,0.37,2
620,7305,0.37,2
620,7153,0.37,2
620,6924,0.37,2
620,6761,0.37,2
620,7169,0.37,2
620,7452,0.37,2
620,128,0.37,2
620,7013,0.37,2
620,436,0.37,2
620,589,0.37,2
620,677,0.37,2
620,805,0.37,2
620,78,0.37,2
620,721,0.37,2
620,543,0.37,2
620,256,0.37,2
620,93,0.37,2
620,524,0.37,2
620,487,0.37,2
620,734,0.37,2
620,187,0.37,2
620,333,0.37,2
621,7176,1,2
621,7102,1,2
621,7658,1,2
621,6771,1,2
621,6947,1,2
621,7399,1,2
621,7382,1,2
621,7153,1,2
621,7686,1,2
621,6761,1,2
621,7169,1,2
621,7653,1,2
621,100,1,2
621,7013,1,2
621,484,1,2
621,613,1,2
622,7120,0.17,2
622,7131,0.17,2
622,6843,0.17,2
622,6947,0.17,2
622,6758,0.17,2
622,7524,0.17,2
622,7153,0.17,2
622,6761,0.17,2
622,7169,0.17,2
622,7394,0.17,2
622,7013,0.17,2
622,920,0.17,2
622,673,0.17,2
623,6764,0.89,2
623,7567,0.89,2
623,6947,0.89,2
623,6765,0.89,2
623,7399,0.89,2
623,7155,0.89,2
623,6788,0.89,2
623,7373,0.89,2
623,6761,0.89,2
623,7169,0.89,2
623,7394,0.89,2
623,172,0.89,2
623,484,0.89,2
623,613,0.89,2
626,6966,1,2
626,7102,1,2
626,7428,1,2
626,7382,1,2
626,7153,1,2
626,7626,1,2
626,6761,1,2
626,7169,1,2
626,7394,1,2
626,867,1,2
626,198,1,2
626,920,1,2
626,391,1,2
626,791,1,2
626,321,1,2
626,561,1,2
626,553,1,2
626,673,1,2
626,333,1,2
627,6966,0.23,2
627,7329,0.23,2
627,6947,0.23,2
627,7524,0.23,2
627,7686,0.23,2
627,7153,0.23,2
627,6761,0.23,2
627,7169,0.23,2
627,7394,0.23,2
627,522,0.23,2
627,7013,0.23,2
627,484,0.23,2
629,7671,0.19,2
629,7507,0.19,2
629,6947,0.19,2
629,7087,0.19,2
629,7524,0.19,2
629,7305,0.19,2
629,7084,0.19,2
629,6761,0.19,2
629,7169,0.19,2
629,7394,0.19,2
629,810,0.19,2
629,177,0.19,2
629,484,0.19,2
629,613,0.19,2
630,6966,1,2
630,7428,1,2
630,7277,1,2
630,6843,1,2
630,7165,1,2
630,7153,1,2
630,6748,1,2
630,6761,1,2
630,7169,1,2
630,7394,1,2
630,359,1,2
630,920,1,2
630,484,1,2
630,184,1,2
630,664,1,2
630,333,1,2
631,7274,0.11,2
631,6843,0.11,2
631,6758,0.11,2
631,6947,0.11,2
631,7524,0.11,2
631,6761,0.11,2
631,7169,0.11,2
631,7394,0.11,2
631,824,0.11,2
631,7013,0.11,2
631,484,0.11,2
631,835,0.11,2
631,613,0.11,2
633,6764,0.43,2
633,7060,0.43,2
633,6947,0.43,2
633,7399,0.43,2
633,6843,0.43,2
633,7153,0.43,2
633,7524,0.43,2
633,6761,0.43,2
633,7169,0.43,2
633,7394,0.43,2
633,916,0.43,2
633,484,0.43,2
633,725,0.43,2
633,613,0.43,2
634,6975,0.23,2
634,6946,0.23,2
634,7270,0.23,2
634,7382,0.23,2
634,6843,0.23,2
634,6928,0.23,2
634,6947,0.23,2
634,7524,0.23,2
634,7155,0.23,2
634,6761,0.23,2
634,7169,0.23,2
634,7394,0.23,2
634,7013,0.23,2
634,432,0.23,2
634,543,0.23,2
634,678,0.23,2
634,628,0.23,2
634,146,0.23,2
634,484,0.23,2
634,725,0.23,2
635,7428,0.12,2
635,6783,0.12,2
635,6947,0.12,2
635,7686,0.12,2
635,6826,0.12,2
635,7169,0.12,2
635,7394,0.12,2
635,7653,0.12,2
635,359,0.12,2
635,432,0.12,2
635,93,0.12,2
635,484,0.12,2
635,12,0.12,2
635,835,0.12,2
635,333,0.12,2
636,6811,1,2
636,7260,1,2
636,7112,1,2
636,6947,1,2
636,6843,1,2
636,7399,1,2
636,7153,1,2
636,7686,1,2
636,6924,1,2
636,6761,1,2
636,7169,1,2
636,7394,1,2
636,7013,1,2
636,673,1,2
637,7599,0.01,2
637,6966,0.01,2
637,7282,0.01,2
637,6843,0.01,2
637,7187,0.01,2
637,7165,0.01,2
637,7332,0.01,2
637,6826,0.01,2
637,7153,0.01,2
637,7686,0.01,2
637,6761,0.01,2
637,7169,0.01,2
637,7394,0.01,2
637,7452,0.01,2
637,359,0.01,2
637,436,0.01,2
637,572,0.01,2
637,506,0.01,2
637,484,0.01,2
637,673,0.01,2
637,523,0.01,2
638,6967,0.11,2
638,6947,0.11,2
638,6826,0.11,2
638,7256,0.11,2
638,6761,0.11,2
638,7169,0.11,2
638,7394,0.11,2
638,700,0.11,2
638,359,0.11,2
638,255,0.11,2
638,316,0.11,2
638,806,0.11,2
638,504,0.11,2
638,378,0.11,2
638,484,0.11,2
638,12,0.11,2
639,6966,0.32,2
639,7112,0.32,2
639,7332,0.32,2
639,7608,0.32,2
639,6826,0.32,2
639,6788,0.32,2
639,7084,0.32,2
639,6761,0.32,2
639,7169,0.32,2
639,7394,0.32,2
639,7452,0.32,2
639,226,0.32,2
639,359,0.32,2
639,506,0.32,2
639,673,0.32,2
639,523,0.32,2
641,6811,0.28,2
641,6767,0.28,2
641,6947,0.28,2
641,7122,0.28,2
641,7153,0.28,2
641,6761,0.28,2
641,7169,0.28,2
641,7394,0.28,2
641,624,0.28,2
641,7013,0.28,2
641,391,0.28,2
641,760,0.28,2
641,792,0.28,2
641,208,0.28,2
641,124,0.28,2
641,339,0.28,2
643,7671,0.7,2
643,7389,0.7,2
643,6954,0.7,2
643,7494,0.7,2
643,7399,0.7,2
643,6826,0.7,2
643,7524,0.7,2
643,6761,0.7,2
643,7394,0.7,2
643,7653,0.7,2
643,643,0.7,2
643,7013,0.7,2
643,432,0.7,2
643,841,0.7,2
643,613,0.7,2
644,7680,0.28,2
644,6765,0.28,2
644,6947,0.28,2
644,6843,0.28,2
644,7239,0.28,2
644,6924,0.28,2
644,7241,0.28,2
644,6761,0.28,2
644,7169,0.28,2
644,7394,0.28,2
644,138,0.28,2
644,560,0.28,2
644,943,0.28,2
644,484,0.28,2
644,613,0.28,2
645,7671,0.18,2
645,7136,0.18,2
645,7543,0.18,2
645,6947,0.18,2
645,6765,0.18,2
645,7399,0.18,2
645,7155,0.18,2
645,7256,0.18,2
645,7169,0.18,2
645,7394,0.18,2
645,7653,0.18,2
645,932,0.18,2
645,462,0.18,2
645,87,0.18,2
645,12,0.18,2
645,613,0.18,2
646,6764,1,2
646,7505,1,2
646,6947,1,2
646,6843,1,2
646,6765,1,2
646,7524,1,2
646,7170,1,2
646,6761,1,2
646,7169,1,2
646,7394,1,2
646,533,1,2
646,7013,1,2
646,436,1,2
646,173,1,2
646,484,1,2
647,6946,0.16,2
647,6764,0.16,2
647,6780,0.16,2
647,6843,0.16,2
647,7524,0.16,2
647,7305,0.16,2
647,7375,0.16,2
647,6761,0.16,2
647,7169,0.16,2
647,7394,0.16,2
647,258,0.16,2
647,7013,0.16,2
647,818,0.16,2
647,673,0.16,2
647,333,0.16,2
648,6946,1,2
648,7233,1,2
648,7038,1,2
648,7282,1,2
648,7382,1,2
648,7408,1,2
648,7383,1,2
648,7153,1,2
648,7155,1,2
648,6761,1,2
648,7169,1,2
648,7394,1,2
648,244,1,2
648,198,1,2
648,436,1,2
648,230,1,2
648,345,1,2
648,489,1,2
648,696,1,2
648,925,1,2
648,524,1,2
648,339,1,2
648,484,1,2
648,664,1,2
649,6946,0.9,2
649,6873,0.9,2
649,7599,0.9,2
649,7382,0.9,2
649,6826,0.9,2
649,7264,0.9,2
649,6761,0.9,2
649,7394,0.9,2
649,7452,0.9,2
649,8,0.9,2
649,87,0.9,2
649,93,0.9,2
649,524,0.9,2
649,307,0.9,2
649,484,0.9,2
649,187,0.9,2
650,7260,0.46,2
650,7512,0.46,2
650,6947,0.46,2
650,7399,0.46,2
650,7524,0.46,2
650,7155,0.46,2
650,7394,0.46,2
650,7653,0.46,2
650,470,0.46,2
650,484,0.46,2
650,613,0.46,2
651,6873,0.32,2
651,6947,0.32,2
651,7087,0.32,2
651,6765,0.32,2
651,7155,0.32,2
651,7686,0.32,2
651,7344,0.32,2
651,6761,0.32,2
651,7169,0.32,2
651,7394,0.32,2
651,691,0.32,2
651,7013,0.32,2
651,484,0.32,2
651,613,0.32,2
652,12,0,2
652,613,0,2
653,7260,0.33,2
653,7428,0.33,2
653,6947,0.33,2
653,7399,0.33,2
653,7443,0.33,2
653,7524,0.33,2
653,7375,0.33,2
653,6761,0.33,2
653,7394,0.33,2
653,7653,0.33,2
653,957,0.33,2
653,7013,0.33,2
653,484,0.33,2
653,613,0.33,2
653,333,0.33,2
654,7379,0.52,2
654,7308,0.52,2
654,7658,0.52,2
654,6947,0.52,2
654,6874,0.52,2
654,7382,0.52,2
654,7524,0.52,2
654,7264,0.52,2
654,7108,0.52,2
654,6761,0.52,2
654,7169,0.52,2
654,7394,0.52,2
654,7452,0.52,2
654,150,0.52,2
654,7013,0.52,2
654,572,0.52,2
654,838,0.52,2
654,284,0.52,2
654,391,0.52,2
654,688,0.52,2
654,951,0.52,2
654,187,0.52,2
655,7260,0.25,2
655,7428,0.25,2
655,6947,0.25,2
655,7686,0.25,2
655,6826,0.25,2
655,7153,0.25,2
655,6761,0.25,2
655,7169,0.25,2
655,7394,0.25,2
655,811,0.25,2
655,359,0.25,2
655,484,0.25,2
655,673,0.25,2
655,523,0.25,2
655,333,0.25,2
656,6966,1,2
656,7599,1,2
656,7102,1,2
656,6843,1,2
656,7209,1,2
656,6947,1,2
656,7153,1,2
656,6962,1,2
656,7169,1,2
656,7394,1,2
656,7452,1,2
656,162,1,2
656,359,1,2
656,436,1,2
656,572,1,2
656,484,1,2
656,184,1,2
656,673,1,2
656,333,1,2
657,7393,0.12,2
657,6947,0.12,2
657,7324,0.12,2
657,7153,0.12,2
657,7256,0.12,2
657,6761,0.12,2
657,7169,0.12,2
657,498,0.12,2
657,7013,0.12,2
657,943,0.12,2
657,484,0.12,2
659,7496,1,2
659,7428,1,2
659,6947,1,2
659,6843,1,2
659,6765,1,2
659,7686,1,2
659,7241,1,2
659,6761,1,2
659,7169,1,2
659,7394,1,2
659,764,1,2
659,359,1,2
659,465,1,2
659,673,1,2
659,333,1,2
660,7260,1,2
660,6946,1,2
660,6947,1,2
660,7399,1,2
660,7382,1,2
660,6843,1,2
660,7686,1,2
660,6756,1,2
660,6761,1,2
660,7169,1,2
660,7394,1,2
660,7452,1,2
660,61,1,2
660,7013,1,2
660,847,1,2
660,731,1,2
660,524,1,2
660,635,1,2
660,698,1,2
660,484,1,2
660,613,1,2
661,7311,0.11,2
661,7120,0.11,2
661,6928,0.11,2
661,7304,0.11,2
661,6761,0.11,2
661,7169,0.11,2
661,7394,0.11,2
661,7013,0.11,2
661,725,0.11,2
